French;French;Remark;Source;Russian;Russian;Remark;Source
appareil telephonique;;;ТЕРМИНЫ;телефонный аппарат;;;ТЕРМИНЫ
batis avec des equipements;;;ТЕРМИНЫ;стойки с оборудованием;;;ТЕРМИНЫ
bus de mise a la terre;;;ТЕРМИНЫ;шина заземляющая;;;ТЕРМИНЫ
butee;;;ТЕРМИНЫ;упор;;;ТЕРМИНЫ
cabine au complet;;;ТЕРМИНЫ;кабина в сборе;;;ТЕРМИНЫ
cabine au complet sur les supports;;;ТЕРМИНЫ;кабина в сборе на опорах;;;ТЕРМИНЫ
cable;;;ТЕРМИНЫ;кабель;;;ТЕРМИНЫ
cadre;;;ТЕРМИНЫ;рама;;;ТЕРМИНЫ
casque-ecouteur de tankiste;;;ТЕРМИНЫ;танковый шлемофон;;;ТЕРМИНЫ
collier de cable;;;ТЕРМИНЫ;кабельный хомут;;;ТЕРМИНЫ
commande de mecanismes de blocage;;;ТЕРМИНЫ;привод блокировок;;;ТЕРМИНЫ
courroie de serrage ramifiee;;;ТЕРМИНЫ;ремень стяжной ветвевой;;;ТЕРМИНЫ
courroie de serrage ramifiee à deux elements;;;ТЕРМИНЫ;ремень стяжной ветвевой двухкомпонентный;;;ТЕРМИНЫ
CЭC МУФТА G1;система электроснабжения муфта G1;;перечень надписей на блоках и сообщений с расшифровкой;SAE MANCHON G1;système d'alimentation électrique, manchon g1;;перечень надписей на блоках и сообщений с расшифровкой
CЭC МУФТА G2;система электроснабжения муфта G2;;перечень надписей на блоках и сообщений с расшифровкой;SAE MANCHON G2;système d'alimentation électrique, manchon g2;;перечень надписей на блоках и сообщений с расшифровкой
CЭC МУФТА КОМ;система электроснабжения муфта коробки отбора мощности;;перечень надписей на блоках и сообщений с расшифровкой;SAE MANCHON BPP;système d'alimentation électrique, manchon de la boîte de prise de puissance;;перечень надписей на блоках и сообщений с расшифровкой
dispositif tendeur;;;ТЕРМИНЫ;устройство натяжное;;;ТЕРМИНЫ
douille filetee;;;ТЕРМИНЫ;втулка резьбовая;;;ТЕРМИНЫ
emballage des sections de la cabine;;;ТЕРМИНЫ;упаковка секций кабины;;;ТЕРМИНЫ
emplacement des cables dans la cabine;;;ТЕРМИНЫ;размещение кабелей в кабине;;;ТЕРМИНЫ
emplacement des cables sur les batis;;;ТЕРМИНЫ;размещение кабелей на стойках;;;ТЕРМИНЫ
emplacement des capots et des bus;;;ТЕРМИНЫ;размещение кожухов и шин;;;ТЕРМИНЫ
emplacement des equipements dans la cabine;;;ТЕРМИНЫ;размещение оборудования в кабине;;;ТЕРМИНЫ
face laterale de la cabine;;;ТЕРМИНЫ;боковая сторона кабины;;;ТЕРМИНЫ
faisceau;;;ТЕРМИНЫ;жгут;;;ТЕРМИНЫ
joint boulonne;;;ТЕРМИНЫ;болтовое соединение;;;ТЕРМИНЫ
lacet;;;ТЕРМИНЫ;петля;;;ТЕРМИНЫ
mecanisme de blocage de la fenetre de conducteur;;;ТЕРМИНЫ;блокировка окна водителя;;;ТЕРМИНЫ
mecanisme de blocage de la fenetre d'operateur;;;ТЕРМИНЫ;блокировка окна оператора;;;ТЕРМИНЫ
mecanisme de blocage de la porte de conducteur;;;ТЕРМИНЫ;блокировка двери водителя;;;ТЕРМИНЫ
mecanisme de blocage de la porte d'operateur;;;ТЕРМИНЫ;блокировка двери оператора;;;ТЕРМИНЫ
mecanisme de blocage de la trappe de cabine;;;ТЕРМИНЫ;блокировка люка кабины;;;ТЕРМИНЫ
paroi arriere exterieure de la cabine;;;ТЕРМИНЫ;задняя внешняя стенка кабины;;;ТЕРМИНЫ
plaque de jonction;;;ТЕРМИНЫ;стыковочный платик;;;ТЕРМИНЫ
poignee de trappe exterieure;;;ТЕРМИНЫ;внешняя ручка люка;;;ТЕРМИНЫ
schema d'implantation des butees de deux sections;;;ТЕРМИНЫ;схема размещения упоров двух секций;;;ТЕРМИНЫ
schema d'implantation des butees de trois sections de la cabine;;;ТЕРМИНЫ;схема размещения упоров трех секций кабины;;;ТЕРМИНЫ
section droite de la cabine;SDC;;ТЕРМИНЫ;правая секция кабины;ПрСК;;ТЕРМИНЫ
section gauche de la cabine;SGC;;ТЕРМИНЫ;левая секция кабины;ЛСК;;ТЕРМИНЫ
section moyenne de la cabine;SMC;;ТЕРМИНЫ;средняя секция кабины;ССК;;ТЕРМИНЫ
sections de la cabine;;;ТЕРМИНЫ;секции кабины;;;ТЕРМИНЫ
siege de chef;;;ТЕРМИНЫ;кресло командира;;;ТЕРМИНЫ
siege de conducteur;;;ТЕРМИНЫ;кресло водителя;;;ТЕРМИНЫ
siege d'operateur;;;ТЕРМИНЫ;кресло оператора;;;ТЕРМИНЫ
support;;;ТЕРМИНЫ;опора;;;ТЕРМИНЫ
support a rouleaux;;;ТЕРМИНЫ;роликовая опора;;;ТЕРМИНЫ
tige;;;ТЕРМИНЫ;стержень;;;ТЕРМИНЫ
toit de la cabine;;;ТЕРМИНЫ;крыша кабины;;;ТЕРМИНЫ
verin;;;ТЕРМИНЫ;домкрат;;;ТЕРМИНЫ
АБ;аккумуляторные батареи;;перечень надписей на блоках и сообщений с расшифровкой;BA;batteries d’accumulateurs;;перечень надписей на блоках и сообщений с расшифровкой
АБ НЕ НОРМА;аккумуляторные батареи не норма;;перечень надписей на блоках и сообщений с расшифровкой;BA ANOMALIE;batteries d’accumulateurs, anomalie;;перечень надписей на блоках и сообщений с расшифровкой
АБ НОРМА;аккумуляторные батареи норма;;перечень надписей на блоках и сообщений с расшифровкой;BA NORME;batteries d’accumulateurs, norme;;перечень надписей на блоках и сообщений с расшифровкой
АБ РАЗРЯД;аккумуляторные батареи разряд;;перечень надписей на блоках и сообщений с расшифровкой;BA DECHARGE;batteries d’accumulateurs, décharge;;перечень надписей на блоках и сообщений с расшифровкой
АВАРИЙНОЕ ПИТАНИЕ;;;перечень надписей на блоках и сообщений с расшифровкой;ALIMENTATION DE SECOURS;;;перечень надписей на блоках и сообщений с расшифровкой
автоматический гирокомпас;АГК;;францТабл для перевода по ЭД-12;gyrocompas automatique;GCA ;;францТабл для перевода по ЭД-12
АГК;автоматический гирокомпас;;перечень надписей на блоках и сообщений с расшифровкой;gyrocompas automatique;GCA;;перечень надписей на блоках и сообщений с расшифровкой
АГРЕГАТ;;;перечень надписей на блоках и сообщений с расшифровкой;UNITE;;;перечень надписей на блоках и сообщений с расшифровкой
агрегат зажигания;;;Annexe 4.1 (Комплект ЗИП групповой СПУ 9П78-1-Э);groupe d'allumage;;;Annexe 4.1 (Комплект ЗИП групповой СПУ 9П78-1-Э)
аккумуляторный вольтметр;;;Annexe 4.1 (Комплект ЗИП групповой СПУ 9П78-1-Э);voltmetre d'accumulateur;;;Annexe 4.1 (Комплект ЗИП групповой СПУ 9П78-1-Э)
амортизатор;;;Annexe 4.1 (Комплект ЗИП групповой СПУ 9П78-1-Э);amortisseur;;;Annexe 4.1 (Комплект ЗИП групповой СПУ 9П78-1-Э)
амперметр;;;Annexe 4.3 (Комплект ЗИП групповой КШМ 9С552-Э);ampermetre;;;Annexe 4.3 (Комплект ЗИП групповой КШМ 9С552-Э)
антенна;;;Annexe 4.1 (Комплект ЗИП групповой СПУ 9П78-1-Э);antenne;;;Annexe 4.1 (>2>9 !# 978-1--)
АНТЕННА;;;перечень надписей на блоках и сообщений с расшифровкой;ANTENNE;;;перечень надписей на блоках и сообщений с расшифровкой
АНТЕННА ЛЕВ ОПУСКАНИЕ;антенна левая опускание;;перечень надписей на блоках и сообщений с расшифровкой;ANTENNE  GAU  DESCENTE;antenne gauche, descente;;перечень надписей на блоках и сообщений с расшифровкой
АНТЕННА ЛЕВ ПОДЪЕМ;антенна левая подъем;;перечень надписей на блоках и сообщений с расшифровкой;ANTENNE GAU MONTAGE;antenne gauche, montage;;перечень надписей на блоках и сообщений с расшифровкой
АНТЕННА ПРАВ ОПУСКАНИЕ;антенна правая опускание;;перечень надписей на блоках и сообщений с расшифровкой;ANTENNE  DROITE DESCENTE;antenne droite, descente;;перечень надписей на блоках и сообщений с расшифровкой
АНТЕННА ПРАВ ПОДЪЕМ;антенна правая подъем;;перечень надписей на блоках и сообщений с расшифровкой;ANTENNE DROITE MONTAGE;antenne droite, montage;;перечень надписей на блоках и сообщений с расшифровкой
аппаратура распределенной коммутации;;;Annexe 4.3 (Комплект ЗИП групповой КШМ 9С552-Э);appareillage de distribution et de commutation;;;Annexe 4.3 (Комплект ЗИП групповой КШМ 9С552-Э)
ареометр;;;Annexe 4.1 (Комплект ЗИП групповой СПУ 9П78-1-Э);densïmètre;;;Annexe 4.1 (Комплект ЗИП групповой СПУ 9П78-1-Э)
армированная нить;;;Annexe 4.1 (Комплект ЗИП групповой СПУ 9П78-1-Э);fil armé;;;Annexe 4.1 (>2>9 !# 978-1--)
асбестовый шнур;;;Annexe 4.3 (Комплект ЗИП групповой КШМ 9С552-Э);cordon d'amiante;;;Annexe 4.3 (Комплект ЗИП групповой КШМ 9С552-Э)
батист;;;Annexe 4.5 (Комплект ЗИП групповой ракеты 9М723Ф-Э);batiste;;;Annexe 4.5 (Комплект ЗИП групповой ракеты 9М723Ф-Э)
блок запуска;;;Annexe 4.1 (Комплект ЗИП групповой СПУ 9П78-1-Э);bloc de demarrage;;;Annexe 4.1 (Комплект ЗИП групповой СПУ 9П78-1-Э)
блок противопылевых кассет;;;Annexe 4.3 (Комплект ЗИП групповой КШМ 9С552-Э);bloc de filtrage d'air;;;Annexe 4.3 (Комплект ЗИП групповой КШМ 9С552-Э)
блок регулирования;;;Annexe 4.1 (Комплект ЗИП групповой СПУ 9П78-1-Э);bloc de reglage;;;Annexe 4.1 (Комплект ЗИП групповой СПУ 9П78-1-Э)
блок сопряжения;;;Annexe 4.1 (Комплект ЗИП групповой СПУ 9П78-1-Э);bloc d'nterface;;;Annexe 4.1 (Комплект ЗИП групповой СПУ 9П78-1-Э)
блок управления;;;Annexe 4.1 (Комплект ЗИП групповой СПУ 9П78-1-Э);bloc de commande;;;Annexe 4.1 (Комплект ЗИП групповой СПУ 9П78-1-Э)
болт;;;Annexe 4.1 (Комплект ЗИП групповой СПУ 9П78-1-Э);boulon;;;Annexe 4.1 (Комплект ЗИП групповой СПУ 9П78-1-Э)
больше;;;францТабл для перевода 9У91Сб00Э и 9Т250Э-11;plus;;;францТабл для перевода 9У91Сб00Э и 9Т250Э-11
БОРТ ЛЕВ ИЗДЕЛИЕ;борт левый изделие;;перечень надписей на блоках и сообщений с расшифровкой;COTE GAU ARTICLE;côté gauche, article;;перечень надписей на блоках и сообщений с расшифровкой
БОРТ ЛЕВ ИЗДЕЛИЕ Борт левый изделие;;;перечень надписей на блоках и сообщений с расшифровкой;COTE GAU ARTICLE;côté gauche, article;;перечень надписей на блоках и сообщений с расшифровкой
БОРТ ЛЕВ КРЫША;борт левый крыша;;перечень надписей на блоках и сообщений с расшифровкой;COTE GAU TOIT;côté gauche, toit;;перечень надписей на блоках и сообщений с расшифровкой
БОРТ ЛЕВ НАПРАВЛЯЮЩАЯ;борт левый направляющая;;перечень надписей на блоках и сообщений с расшифровкой;COTE GAU RAMPE;côté gauche, rampe;;перечень надписей на блоках и сообщений с расшифровкой
БОРТ ПРАВ ИЗДЕЛИЕ;борт правый изделие;;перечень надписей на блоках и сообщений с расшифровкой;COTE DROIT ARTICLE;côté droit, article;;перечень надписей на блоках и сообщений с расшифровкой
БОРТ ПРАВ КРЫША;борт правый крыша;;перечень надписей на блоках и сообщений с расшифровкой;COTE DROIT TOIT;côté droit, toit;;перечень надписей на блоках и сообщений с расшифровкой
БОРТ ПРАВ НАПРАВЛЯЮЩАЯ;борт правый направляющая;;перечень надписей на блоках и сообщений с расшифровкой;COTE DROIT RAMPE;côté droit, rampe;;перечень надписей на блоках и сообщений с расшифровкой
брутто;;;францТаблички 9T336;brut;;;францТаблички 9T336
бугель;;;францТаблички 9T341;collier;;;францТаблички 9T341
буфер;;;Annexe 4.4 (Комплект ЗИП групповой МРТО 9У91-Э);pare-chocs;;;Annexe 4.4 (Комплект ЗИП групповой МРТО 9У91-Э)
вариант поставки;;;Annexe 4.1 (Комплект ЗИП групповой СПУ 9П78-1-Э);version de livraison;;;Annexe 4.1 (Комплект ЗИП групповой СПУ 9П78-1-Э)
вата гигроскопическая;;;Annexe 4.1 (Комплект ЗИП групповой СПУ 9П78-1-Э);coton hidrophile;;;Annexe 4.1 (Комплект ЗИП групповой СПУ 9П78-1-Э)
вата оптическая;;;Annexe 4.1 (Комплект ЗИП групповой СПУ 9П78-1-Э);coton optique;;;Annexe 4.1 (Комплект ЗИП групповой СПУ 9П78-1-Э)
ВВЕРХУ;;;перечень надписей на блоках и сообщений с расшифровкой;EN HAUT;;;перечень надписей на блоках и сообщений с расшифровкой
ВЕНТИЛ;вентилятор;;перечень надписей на блоках и сообщений с расшифровкой;VENTIL;ventilateur;;перечень надписей на блоках и сообщений с расшифровкой
вентиль;;;Annexe 4.1 (Комплект ЗИП групповой СПУ 9П78-1-Э);vanne;;;Annexe 4.1 (Комплект ЗИП групповой СПУ 9П78-1-Э)
вентилятор;;;Annexe 4.3 (Комплект ЗИП групповой КШМ 9С552-Э);ventilateur;;;Annexe 4.3 (Комплект ЗИП групповой КШМ 9С552-Э)
вентиляция;;;францТабл для перевода 9У91Сб00Э и 9Т250Э-14;ventilation;;;францТабл для перевода 9У91Сб00Э и 9Т250Э-14
ветошь обтирочная;;;Annexe 4.5 (Комплект ЗИП групповой ракеты 9М723Ф-Э);chiffon d'essuyage;;;Annexe 4.5 (Комплект ЗИП групповой ракеты 9М723Ф-Э)
виброопора;;;Annexe 4.6 (Комплект ЗИП групповой пункта подготовки информации 9С920-Э);support vibrant;;;Annexe 4.6 (Комплект ЗИП групповой пункта подготовки информации 9С920-Э)
винт;;;Annexe 4.5 (Комплект ЗИП групповой ракеты 9М723Ф-Э);vis;;;Annexe 4.5 (Комплект ЗИП групповой ракеты 9М723Ф-Э)
ВКЛ;включить;;перечень надписей на блоках и сообщений с расшифровкой;ALLUM;allumer;;перечень надписей на блоках и сообщений с расшифровкой
ВКЛ;включить;;перечень надписей на блоках и сообщений с расшифровкой;MARCHE;mettre en marche;;перечень надписей на блоках и сообщений с расшифровкой
влагопоглотитель;;;Annexe 4.1 (Комплект ЗИП групповой СПУ 9П78-1-Э);absorbeur d'humidite;;;Annexe 4.1 (Комплект ЗИП групповой СПУ 9П78-1-Э)
внешняя сеть;;;францТабл для перевода по ЭД-11;réseau extérieur;;;францТабл для перевода по ЭД-11
ВНИЗУ;;;перечень надписей на блоках и сообщений с расшифровкой;EN BAS;;;перечень надписей на блоках и сообщений с расшифровкой
воздухофильтр;;;Annexe 4.1 (Комплект ЗИП групповой СПУ 9П78-1-Э);filtre à air;;;Annexe 4.1 (Комплект ЗИП групповой СПУ 9П78-1-Э)
вольтметр;;;Annexe 4.1 (Комплект ЗИП групповой СПУ 9П78-1-Э);voltmetre;;;Annexe 4.1 (Комплект ЗИП групповой СПУ 9П78-1-Э)
вороток;;;Annexe 4.1 (Комплект ЗИП групповой СПУ 9П78-1-Э);tourne-a-gauche;;;Annexe 4.1 (Комплект ЗИП групповой СПУ 9П78-1-Э)
воспламенитель;;;Annexe 4.1 (Комплект ЗИП групповой СПУ 9П78-1-Э);allumeur;;;Annexe 4.1 (Комплект ЗИП групповой СПУ 9П78-1-Э)
вставка плавкая;;;Annexe 4.2 (Комплект ЗИП групповой ТЗМ 9Т250-Э);fusible;;;Annexe 4.2 (Комплект ЗИП групповой ТЗМ 9Т250-Э)
втулка;;;Annexe 4.1 (Комплект ЗИП групповой СПУ 9П78-1-Э);douille;;;Annexe 4.1 (Комплект ЗИП групповой СПУ 9П78-1-Э)
выгрузке;;;францТаблички крана;dechargement;;;францТаблички крана
ВЫДВИНУТЫ;;;перечень надписей на блоках и сообщений с расшифровкой;SORTIS;;;перечень надписей на блоках и сообщений с расшифровкой
выключатель;;;Annexe 4.1 (Комплект ЗИП групповой СПУ 9П78-1-Э);interrupteur;;;Annexe 4.1 (Комплект ЗИП групповой СПУ 9П78-1-Э)
выколотка;;;Annexe 4.1 (Комплект ЗИП групповой СПУ 9П78-1-Э);chasse-goupilles;;;Annexe 4.1 (Комплект ЗИП групповой СПУ 9П78-1-Э)
ВЫЛЕТ;;;перечень надписей на блоках и сообщений с расшифровкой;VOLEE;;;перечень надписей на блоках и сообщений с расшифровкой
выпрямительное устройство;УВ;;Annexe 4.3 (Комплект ЗИП групповой КШМ 9С552-Э);redresseur;;;Annexe 4.3 (Комплект ЗИП групповой КШМ 9С552-Э)
выпуск опор;;;францТабл для перевода по ЭД-13;sortie des supports;;;францТабл для перевода по ЭД-13
вычислитель;;;Annexe 4.1 (Комплект ЗИП групповой СПУ 9П78-1-Э);calculateur;;;Annexe 4.1 (Комплект ЗИП групповой СПУ 9П78-1-Э)
гайка;;;Annexe 4.1 (Комплект ЗИП групповой СПУ 9П78-1-Э);ecrou;;;Annexe 4.1 (Комплект ЗИП групповой СПУ 9П78-1-Э)
ГЕНЕРАТОР;;;перечень надписей на блоках и сообщений с расшифровкой;GENERATEUR;;;перечень надписей на блоках и сообщений с расшифровкой
ГИДРОПРИВ ВКЛ;гидропривод включен;;перечень надписей на блоках и сообщений с расшифровкой;COMMANDE HYDR MARCHE;commande hydraulique en marche;;перечень надписей на блоках и сообщений с расшифровкой
ГИДРОПРИВ ОТКЛ;гидропривод отключен;;перечень надписей на блоках и сообщений с расшифровкой;COMMANDE HYDR ARRET;commande hydraulique en arrêt;;перечень надписей на блоках и сообщений с расшифровкой
ГИДРОПРИВОД;;;перечень надписей на блоках и сообщений с расшифровкой;COMMANDE HYDR;;;перечень надписей на блоках и сообщений с расшифровкой
гирокомпас;;;Annexe 4.1 (Комплект ЗИП групповой СПУ 9П78-1-Э);gyrocompas;;;Annexe 4.1 (Комплект ЗИП групповой СПУ 9П78-1-Э)
горловина;;;Annexe 4.3 (Комплект ЗИП групповой КШМ 9С552-Э);goulotte;;;Annexe 4.3 (Комплект ЗИП групповой КШМ 9С552-Э)
груз;;;францТаблички 9T342;charge;;;францТаблички 9T342
груз;;;францТабл для перевода по ЭД-19;charge;;;францТабл для перевода по ЭД-19
ГРУЗ;;;перечень надписей на блоках и сообщений с расшифровкой;CHARGE;;;перечень надписей на блоках и сообщений с расшифровкой
грузоподъемность;;;францТаблички 9T343;capacite de charge;;;францТаблички 9T343
грузоподъемность;;;францТабл для перевода 9У91Сб00Э и 9Т250Э-9;capacite de charge;;;францТабл для перевода 9У91Сб00Э и 9Т250Э-9
грунтовка;;;Annexe 4.6 (Комплект ЗИП групповой пункта подготовки информации 9С920-Э);apprêt;;;Annexe 4.6 (Комплект ЗИП групповой пункта подготовки информации 9С920-Э)
грязесъемник;;;Annexe 4.1 (Комплект ЗИП групповой СПУ 9П78-1-Э);arrache;;;Annexe 4.1 (Комплект ЗИП групповой СПУ 9П78-1-Э)
ДАВЛЕНИЕ МИНИМ ГТД;давление минимальное газотурбинного двигателя;;перечень надписей на блоках и сообщений с расшифровкой;PRESSION MINIM TM;pression minimale du turbomoteur;;перечень надписей на блоках и сообщений с расшифровкой
ДАВЛЕНИЕ МИНИМ КОМ;давление минимальное коробки отбора мощности;;перечень надписей на блоках и сообщений с расшифровкой;PRESSION MINIM BPP;pression minimale de la boîte de prise de puissance;;перечень надписей на блоках и сообщений с расшифровкой
датчик аварийного давления масла;;;Annexe 4.1 (Комплект ЗИП групповой СПУ 9П78-1-Э);manocontact de la pression dangereuse d'huile;;;Annexe 4.1 (Комплект ЗИП групповой СПУ 9П78-1-Э)
датчик высоты подрыва;;;Annexe 4.5 (Комплект ЗИП групповой ракеты 9М723Ф-Э);capteur d'altitude de destruction;;;Annexe 4.5 (Комплект ЗИП групповой ракеты 9М723Ф-Э)
датчик давления;;;Annexe 4.6 (Комплект ЗИП групповой пункта подготовки информации 9С920-Э);capteur de pression;;;Annexe 4.6 (Комплект ЗИП групповой пункта подготовки информации 9С920-Э)
датчик контроля давления масла;;;Annexe 4.3 (Комплект ЗИП групповой КШМ 9С552-Э);capteur de contrôle de pression d'huile;;;Annexe 4.3 (>2>9 ( 9!552--)
датчик сигнализатора;;;Annexe 4.1 (Комплект ЗИП групповой СПУ 9П78-1-Э);capteur-signalisateur;;;Annexe 4.1 (Комплект ЗИП групповой СПУ 9П78-1-Э)
датчик скорости;;;Annexe 4.1 (Комплект ЗИП групповой СПУ 9П78-1-Э);capteur de vitesse;;;Annexe 4.1 (Комплект ЗИП групповой СПУ 9П78-1-Э)
датчик скорости доплеровский;;;Annexe 4.1 (Комплект ЗИП групповой СПУ 9П78-1-Э);capteur de vitesse doppler;;;Annexe 4.1 (Комплект ЗИП групповой СПУ 9П78-1-Э)
датчик скорости механический;;;Annexe 4.1 (Комплект ЗИП групповой СПУ 9П78-1-Э);capteur de vitesse mecanique;;;Annexe 4.1 (Комплект ЗИП групповой СПУ 9П78-1-Э)
датчик температуры;;;Annexe 4.3 (Комплект ЗИП групповой КШМ 9С552-Э);capteur de temperature;;;Annexe 4.3 (>2>9 ( 9!552--)
датчик температуры воды;;;Annexe 4.3 (Комплект ЗИП групповой КШМ 9С552-Э);capteur de la temperatude d'eau;;;Annexe 4.3 (Комплект ЗИП групповой КШМ 9С552-Э)
датчик температуры горения;;;Annexe 4.3 (Комплект ЗИП групповой КШМ 9С552-Э);capteur de temperature de combustion;;;Annexe 4.3 (>2>9 ( 9!552--)
датчик уровня топлива;ДУМП;;Annexe 4.1 (Комплект ЗИП групповой СПУ 9П78-1-Э);capteur du niveau de carburant;;;Annexe 4.1 (Комплект ЗИП групповой СПУ 9П78-1-Э)
датчик электроспидометра;;;Annexe 4.6 (Комплект ЗИП групповой пункта подготовки информации 9С920-Э);capteur de compte-vitesse electrique;;;Annexe 4.6 (Комплект ЗИП групповой пункта подготовки информации 9С920-Э)
датчик-реле давления;;;Annexe 4.1 (Комплект ЗИП групповой СПУ 9П78-1-Э);capteur-relais de pression;;;Annexe 4.1 (Комплект ЗИП групповой СПУ 9П78-1-Э)
датчик-сигнализатор засоренности;;;Annexe 4.1 (Комплект ЗИП групповой СПУ 9П78-1-Э);cepteur-detecteur de l'impurete;;;Annexe 4.1 (Комплект ЗИП групповой СПУ 9П78-1-Э)
ДВЕРИ ЗАКР;двери закрыты;;перечень надписей на блоках и сообщений с расшифровкой;PORTES FERM;portes fermées;;перечень надписей на блоках и сообщений с расшифровкой
двигатель газотурбинный;;;Annexe 4.1 (Комплект ЗИП групповой СПУ 9П78-1-Э);moteur-tourbine à gaz;;;Annexe 4.1 (Комплект ЗИП групповой СПУ 9П78-1-Э)
ДВИЖЕНИЕ;;;перечень надписей на блоках и сообщений с расшифровкой;MOUVEMENT;;;перечень надписей на блоках и сообщений с расшифровкой
дежурное освещение;;;Табл для перевода 9У91Сб00Э и 9Т250Э;éclairage de veille;;;Табл для перевода 9У91Сб00Э и 9Т250Э
дизель;;;францТабл для перевода 9У91Сб00Э и 9Т250Э-1;diesel;;;францТабл для перевода 9У91Сб00Э и 9Т250Э-1
ДИЗЕЛЬ «ВРАЗНОС»;;;перечень надписей на блоках и сообщений с расшифровкой;DIESEL EMBALLEMENT;;;перечень надписей на блоках и сообщений с расшифровкой
ДИЗЕЛЬ МАСЛО;;;перечень надписей на блоках и сообщений с расшифровкой;DIESEL HUILE;;;перечень надписей на блоках и сообщений с расшифровкой
ДИЗЕЛЬ МАСЛО ДАВЛ НЕ НОРМА;дизель масло давление не норма;;перечень надписей на блоках и сообщений с расшифровкой;DIESEL HUILE PRESS ANOMALIE;Diesel, huile, pression, anomalie;;перечень надписей на блоках и сообщений с расшифровкой
ДИЗЕЛЬ ОБОРОТЫ об/мин х 1000;;;перечень надписей на блоках и сообщений с расшифровкой;DIESEL TOURS t/min x 1000;;;перечень надписей на блоках и сообщений с расшифровкой
ДИЗЕЛЬ ПИТАНИЕ;;;перечень надписей на блоках и сообщений с расшифровкой;DIESEL ALIMENTATION;;;перечень надписей на блоках и сообщений с расшифровкой
ДИЗЕЛЬ СВЕЧА;;;перечень надписей на блоках и сообщений с расшифровкой;DIESEL BOUGIE;;;перечень надписей на блоках и сообщений с расшифровкой
ДИЗЕЛЬ СТАРТЕР;;;перечень надписей на блоках и сообщений с расшифровкой;DIESEL DEMARREUR;;;перечень надписей на блоках и сообщений с расшифровкой
диод;;;Annexe 4.1 (Комплект ЗИП групповой СПУ 9П78-1-Э);diode;;;Annexe 4.1 (Комплект ЗИП групповой СПУ 9П78-1-Э)
диод светоизлучающий;;;Annexe 4.3 (Комплект ЗИП групповой КШМ 9С552-Э);photodiode;;;Annexe 4.3 (Комплект ЗИП групповой КШМ 9С552-Э)
ДОМКРАТ;;;перечень надписей на блоках и сообщений с расшифровкой;vérin;;;перечень надписей на блоках и сообщений с расшифровкой
ДОМКРАТЫ;;;перечень надписей на блоках и сообщений с расшифровкой;VERINS;;;перечень надписей на блоках и сообщений с расшифровкой
ДОМКРАТЫ;;;перечень надписей на блоках и сообщений с расшифровкой;VERINS;;;перечень надписей на блоках и сообщений с расшифровкой
дренажная трубка;;;Annexe 4.3 (Комплект ЗИП групповой КШМ 9С552-Э);tube de drainage;;;Annexe 4.3 (Комплект ЗИП групповой КШМ 9С552-Э)
заглушка;;;Annexe 4.1 (Комплект ЗИП групповой СПУ 9П78-1-Э);obturateur;;;Annexe 4.1 (Комплект ЗИП групповой СПУ 9П78-1-Э)
ЗАГРУЖЕН;;;перечень надписей на блоках и сообщений с расшифровкой;CHARGE;;;перечень надписей на блоках и сообщений с расшифровкой
ЗАДНИЕ;;;перечень надписей на блоках и сообщений с расшифровкой;POSTERIEURS;;;перечень надписей на блоках и сообщений с расшифровкой
ЗАЗЕМЛЕНИЕ РБП;заземление реле безопасности персонала;;перечень надписей на блоках и сообщений с расшифровкой;RSP TERRE;mise a la terre du relais de securite du personnel;;перечень надписей на блоках и сообщений с расшифровкой
заземляющая шина;;;Annexe 4.2 (Комплект ЗИП групповой ТЗМ 9Т250-Э);barre de mise;;;Annexe 4.2 (Комплект ЗИП групповой ТЗМ 9Т250-Э)
закрепление;;;францТабл для перевода по ЭД-23;fixation;;;францТабл для перевода по ЭД-23
закрепление основания;;;францТабл для перевода по ЭД-16;fixation de l’embase;;;францТабл для перевода по ЭД-16
закрывание крыш;;;францТабл для перевода по ЭД-18;fermeture des toits;;;францТабл для перевода по ЭД-18
закрыт;;;францТаблички крана;ferme;;;францТаблички крана
закрыто;Закр.;;францТабл для перевода по ЭД-6;fermé;;;францТабл для перевода по ЭД-6
залив;;;Annexe 4.3 (Комплект ЗИП групповой КШМ 9С552-Э);remplissage;;;Annexe 4.3 (Комплект ЗИП групповой КШМ 9С552-Э)
замок;;;францТабл для перевода по ЭД-26;verrou;;;францТабл для перевода по ЭД-26
ЗАПРАВКА;;;перечень надписей на блоках и сообщений с расшифровкой;REMPLISSAGE;;;перечень надписей на блоках и сообщений с расшифровкой
зарядное устройство;;;Annexe 4.3 (Комплект ЗИП групповой КШМ 9С552-Э);chargeur;;;Annexe 4.3 (Комплект ЗИП групповой КШМ 9С552-Э)
захват;;;францТабл для перевода по ЭД-25;griffe;;;францТабл для перевода по ЭД-25
ЗИП;запасные части и принадлежности к машине, станку;;Annexe 4.1 (Комплект ЗИП групповой СПУ 9П78-1-Э);lot or;;;Annexe 4.1 (>2>9 !# 978-1--)
ЗИП изделия;;;францТаблички 9T337;lot OR de l’article;;;францТаблички 9T337
ЗЛ;задний левый;;перечень надписей на блоках и сообщений с расшифровкой;PG;postérieur gauche;;перечень надписей на блоках и сообщений с расшифровкой
ЗОНА;;;перечень надписей на блоках и сообщений с расшифровкой;ZONE;;;перечень надписей на блоках и сообщений с расшифровкой
ЗП;задний правый;;перечень надписей на блоках и сообщений с расшифровкой;PD;postérieur droit;;перечень надписей на блоках и сообщений с расшифровкой
зубило;;;Annexe 4.1 (Комплект ЗИП групповой СПУ 9П78-1-Э);burin;;;Annexe 4.1 (Комплект ЗИП групповой СПУ 9П78-1-Э)
изделие;;;Annexe 4.1 (Комплект ЗИП групповой СПУ 9П78-1-Э);article;;;Annexe 4.1 (Комплект ЗИП групповой СПУ 9П78-1-Э)
ИЗДЕЛИЕ;;;перечень надписей на блоках и сообщений с расшифровкой;ARTICLE;;;перечень надписей на блоках и сообщений с расшифровкой
измерительный блок;;;Annexe 4.5 (Комплект ЗИП групповой ракеты 9М723Ф-Э);bloc de mesure;;;Annexe 4.5 (Комплект ЗИП групповой ракеты 9М723Ф-Э)
изолятор;;;Annexe 4.6 (Комплект ЗИП групповой пункта подготовки информации 9С920-Э);isolant;;;Annexe 4.6 (Комплект ЗИП групповой пункта подготовки информации 9С920-Э)
индикатор;;;Annexe 4.1 (Комплект ЗИП групповой СПУ 9П78-1-Э);indicateur;;;Annexe 4.1 (Комплект ЗИП групповой СПУ 9П78-1-Э)
инерциальный блок;;;Annexe 4.5 (Комплект ЗИП групповой ракеты 9М723Ф-Э);bloc inertial;;;Annexe 4.5 (Комплект ЗИП групповой ракеты 9М723Ф-Э)
испаритель;;;Annexe 4.3 (Комплект ЗИП групповой КШМ 9С552-Э);evaporateur;;;Annexe 4.3 (Комплект ЗИП групповой КШМ 9С552-Э)
исполнительный механизм;;;Annexe 4.3 (Комплект ЗИП групповой КШМ 9С552-Э);mecanisme executeur;;;Annexe 4.3 (Комплект ЗИП групповой КШМ 9С552-Э)
испытательный груз;;;Annexe 4.2 (Комплект ЗИП групповой ТЗМ 9Т250-Э);charge d'essais;;;Annexe 4.2 (Комплект ЗИП групповой ТЗМ 9Т250-Э)
карданный вал;;;Annexe 4.1 (Комплект ЗИП групповой СПУ 9П78-1-Э);arbre à cardan;;;Annexe 4.1 (>2>9 !# 978-1--)
картридж;;;Annexe 4.3 (Комплект ЗИП групповой КШМ 9С552-Э);cartouche;;;Annexe 4.3 (Комплект ЗИП групповой КШМ 9С552-Э)
качающаяся часть;КЧ ;;францТабл для перевода по ЭД-21;partie oscillante;PO;;францТабл для перевода по ЭД-21
качающийся клапан;;;Annexe 4.1 (Комплект ЗИП групповой СПУ 9П78-1-Э);clapet basculant;;;Annexe 4.1 (Комплект ЗИП групповой СПУ 9П78-1-Э)
квадрант;;;Annexe 4.1 (Комплект ЗИП групповой СПУ 9П78-1-Э);quadrant;;;Annexe 4.1 (Комплект ЗИП групповой СПУ 9П78-1-Э)
клапан;;;Annexe 4.1 (Комплект ЗИП групповой СПУ 9П78-1-Э);clapet;;;Annexe 4.1 (Комплект ЗИП групповой СПУ 9П78-1-Э)
клапан;;;Annexe 4.1 (Комплект ЗИП групповой СПУ 9П78-1-Э);soupape;;;Annexe 4.1 (Комплект ЗИП групповой СПУ 9П78-1-Э)
клапан впускной;;;Annexe 4.1 (Комплект ЗИП групповой СПУ 9П78-1-Э);soupape d'admission;;;Annexe 4.1 (Комплект ЗИП групповой СПУ 9П78-1-Э)
клещи измерительные;;;Annexe 4.6 (Комплект ЗИП групповой пункта подготовки информации 9С920-Э);pince à mesurer;;;Annexe 4.6 (Комплект ЗИП групповой пункта подготовки информации 9С920-Э)
клиновый ремень;;;Annexe 4.1 (Комплект ЗИП групповой СПУ 9П78-1-Э);courroie;;;Annexe 4.1 (Комплект ЗИП групповой СПУ 9П78-1-Э)
ключ;;;Annexe 4.1 (Комплект ЗИП групповой СПУ 9П78-1-Э);cle specifique;;;Annexe 4.1 (Комплект ЗИП групповой СПУ 9П78-1-Э)
ключ для сборки резьбовых соединений штепсельных разъемов;;;Annexe 4.4 (Комплект ЗИП групповой МРТО 9У91-Э);cle d'assemblage de filetage des connecteurs;;;Annexe 4.4 (Комплект ЗИП групповой МРТО 9У91-Э)
ключ специальный;;;Annexe 4.1 (Комплект ЗИП групповой СПУ 9П78-1-Э);cle special;;;Annexe 4.1 (Комплект ЗИП групповой СПУ 9П78-1-Э)
ключ торцовый;;;Annexe 4.1 (Комплект ЗИП групповой СПУ 9П78-1-Э);cle à douille specifique;;;Annexe 4.1 (Комплект ЗИП групповой СПУ 9П78-1-Э)
кожух;;;Annexe 4.1 (Комплект ЗИП групповой СПУ 9П78-1-Э);gaine;;;Annexe 4.1 (Комплект ЗИП групповой СПУ 9П78-1-Э)
колодка;;;Annexe 4.1 (Комплект ЗИП групповой СПУ 9П78-1-Э);cale;;;Annexe 4.1 (Комплект ЗИП групповой СПУ 9П78-1-Э)
колодка колесного тормоза;;;Annexe 4.1 (Комплект ЗИП групповой СПУ 9П78-1-Э);cale du frein des roues;;;Annexe 4.1 (Комплект ЗИП групповой СПУ 9П78-1-Э)
колпак;;;Annexe 4.1 (Комплект ЗИП групповой СПУ 9П78-1-Э);capuchon;;;Annexe 4.1 (Комплект ЗИП групповой СПУ 9П78-1-Э)
колпак защитный;;;Annexe 4.1 (Комплект ЗИП групповой СПУ 9П78-1-Э);etui de protection;;;Annexe 4.1 (Комплект ЗИП групповой СПУ 9П78-1-Э)
кольцо;;;Annexe 4.1 (Комплект ЗИП групповой СПУ 9П78-1-Э);bague;;;Annexe 4.1 (>2>9 !# 978-1--)
кольцо уплотнительное;;;Annexe 4.1 (Комплект ЗИП групповой СПУ 9П78-1-Э);bague d'etancheite;;;Annexe 4.1 (Комплект ЗИП групповой СПУ 9П78-1-Э)
командный прибор;;;Annexe 4.1 (Комплект ЗИП групповой СПУ 9П78-1-Э);appareil de commande;;;Annexe 4.1 (>2>9 !# 978-1--)
коммутатор;;;Annexe 4.1 (Комплект ЗИП групповой СПУ 9П78-1-Э);commutateur;;;Annexe 4.1 (Комплект ЗИП групповой СПУ 9П78-1-Э)
комплект запасных частей;;;Annexe 4.6 (Комплект ЗИП групповой пункта подготовки информации 9С920-Э);lot de pieces de rechange;;;Annexe 4.6 (Комплект ЗИП групповой пункта подготовки информации 9С920-Э)
комплект ЗИП групповой;;;Annexe 4.1 (Комплект ЗИП групповой СПУ 9П78-1-Э);lot OR collectif;;;Annexe 4.1 (Комплект ЗИП групповой СПУ 9П78-1-Э)
комплект ЗИП групповой на изделия ПЭВМ;;;Annexe 4.1 (Комплект ЗИП групповой СПУ 9П78-1-Э);lot OR collectif pour l'ordinateur personnel;;;Annexe 4.1 (Комплект ЗИП групповой СПУ 9П78-1-Э)
компрессор;;;Annexe 4.3 (Комплект ЗИП групповой КШМ 9С552-Э);compresseur;;;Annexe 4.3 (Комплект ЗИП групповой КШМ 9С552-Э)
компрессор приводной;;;Annexe 4.1 (Комплект ЗИП групповой СПУ 9П78-1-Э);compresseur a commande;;;Annexe 4.1 (Комплект ЗИП групповой СПУ 9П78-1-Э)
конденсатор;;;Annexe 4.3 (Комплект ЗИП групповой КШМ 9С552-Э);condensateur;;;Annexe 4.3 (Комплект ЗИП групповой КШМ 9С552-Э)
кондиционер;;;Annexe 4.3 (Комплект ЗИП групповой КШМ 9С552-Э);climatiseur;;;Annexe 4.3 (Комплект ЗИП групповой КШМ 9С552-Э)
КОНДИЦИОНЕР ОБОГРЕВ;;;перечень надписей на блоках и сообщений с расшифровкой;CLIMATISEUR CHAUFFAGE;;;перечень надписей на блоках и сообщений с расшифровкой
КОНДИЦИОНЕР ОХЛАЖД;кондиционер охлаждение;;перечень надписей на блоках и сообщений с расшифровкой;CLIMATISEUR REFROID;climatiseur, refroidissement;;перечень надписей на блоках и сообщений с расшифровкой
конический подшипник;;;Annexe 4.6 (Комплект ЗИП групповой пункта подготовки информации 9С920-Э);roulement conique;;;Annexe 4.6 (Комплект ЗИП групповой пункта подготовки информации 9С920-Э)
контактор;;;Annexe 4.3 (Комплект ЗИП групповой КШМ 9С552-Э);contacteur;;;Annexe 4.3 (Комплект ЗИП групповой КШМ 9С552-Э)
КОНТР ИНД;контроль индикации;;перечень надписей на блоках и сообщений с расшифровкой;CTRL AFF;contrôle de l’affichage;;перечень надписей на блоках и сообщений с расшифровкой
КОНТР СТЫК;контроль стыковки;;перечень надписей на блоках и сообщений с расшифровкой;CTRL JONC;contrôle de la jonction;;перечень надписей на блоках и сообщений с расшифровкой
КОНТРОЛЬ R;;;перечень надписей на блоках и сообщений с расшифровкой;CONTROLE R;;;перечень надписей на блоках и сообщений с расшифровкой
КОНТРОЛЬ АБ;контроль аккумуляторных батарей;;перечень надписей на блоках и сообщений с расшифровкой;CONTROLE BA;contrôle des batteries d’accumulateurs;;перечень надписей на блоках и сообщений с расшифровкой
КОНТРОЛЬ БЛОКИР;контроль блокировок;;перечень надписей на блоках и сообщений с расшифровкой;CONTROLE BLOC;contrôle des blocages;;перечень надписей на блоках и сообщений с расшифровкой
КОНТРОЛЬ ИЗОЛЯЦИИ;;;перечень надписей на блоках и сообщений с расшифровкой;ISOLEMENT CONTROLE;;;перечень надписей на блоках и сообщений с расшифровкой
КОНТРОЛЬ ИНД;контроль индикации;;перечень надписей на блоках и сообщений с расшифровкой;CONTROLE AFF;contrôle de l’affichage;;перечень надписей на блоках и сообщений с расшифровкой
КОНТРОЛЬ ИНД1;контроль индикации 1;;перечень надписей на блоках и сообщений с расшифровкой;CONTROLE AFF1;contrôle de l’affichage 1;;перечень надписей на блоках и сообщений с расшифровкой
КОНТРОЛЬ ИНД2;контроль индикации 2;;перечень надписей на блоках и сообщений с расшифровкой;CONTROLE AFF2;contrôle de l’affichage 2;;перечень надписей на блоках и сообщений с расшифровкой
КОНТРОЛЬ МЕХАН;контроль механизмов;;перечень надписей на блоках и сообщений с расшифровкой;CONTROLE MECAN;contrôle des mécanismes;;перечень надписей на блоках и сообщений с расшифровкой
КОНТРОЛЬ МЕХАН;контроль механизмов;;перечень надписей на блоках и сообщений с расшифровкой;CONTROLE MECAN;contrôle des mécanismes;;перечень надписей на блоках и сообщений с расшифровкой
КОНТРОЛЬ НАПРЯЖ;контроль напряжения;;перечень надписей на блоках и сообщений с расшифровкой;CONTROLE TENS;contrôle de la tension;;перечень надписей на блоках и сообщений с расшифровкой
КОНТРОЛЬ НАПРЯЖ 1–ПР;контроль напряжения однопроводного;;перечень надписей на блоках и сообщений с расшифровкой;CONTROLE TENS UNIFIL;contrôle de la tension unifilaire;;перечень надписей на блоках и сообщений с расшифровкой
КОНТРОЛЬ НАПРЯЖ 2–ПР;контроль напряжения двухпроводного;;перечень надписей на блоках и сообщений с расшифровкой;CONTROLE TENS BIFIL;contrôle de la tension bifilaire;;перечень надписей на блоках и сообщений с расшифровкой
КОНТРОЛЬ НАПРЯЖ АБ;контроль напряжения аккумуляторных батарей;;перечень надписей на блоках и сообщений с расшифровкой;CONTROLE TENS BA;contrôle de la tension des batteries d’accumulateurs;;перечень надписей на блоках и сообщений с расшифровкой
КОНТРОЛЬ НАПРЯЖ НОРМА;контроль напряжения норма;;перечень надписей на блоках и сообщений с расшифровкой;CONTROLE TENS NORME;contrôle de la tension, norme;;перечень надписей на блоках и сообщений с расшифровкой
КОНТРОЛЬ РБП;контроль реле безопасности персонала;;перечень надписей на блоках и сообщений с расшифровкой;CONTROLE RSP;contrôle du relais de sécurité du personnel;;перечень надписей на блоках и сообщений с расшифровкой
КОНТРОЛЬ СБРОС;;;перечень надписей на блоках и сообщений с расшифровкой;controle remise;;;перечень надписей на блоках и сообщений с расшифровкой
КОРПУС ПОД НАПРЯЖ;корпус под напряжением;;перечень надписей на блоках и сообщений с расшифровкой;CORPS SOUS TENS;corps sous tension;;перечень надписей на блоках и сообщений с расшифровкой
КОРПУС ПОД НАПРЯЖ;корпус под напряжением;;перечень надписей на блоках и сообщений с расшифровкой;CORPS SOUS TENS;corps sous tension;;перечень надписей на блоках и сообщений с расшифровкой
кран;;;Annexe 4.1 (Комплект ЗИП групповой СПУ 9П78-1-Э);robinet;;;Annexe 4.1 (>2>9 !# 978-1--)
КРАНА ДОМКРАТОВ;;;перечень надписей на блоках и сообщений с расшифровкой;GRUE VERINS;;;перечень надписей на блоках и сообщений с расшифровкой
крановщик;;;францТаблички крана;grutier;;;францТаблички крана
креномер;;;Annexe 4.2 (Комплект ЗИП групповой ТЗМ 9Т250-Э);inclinometre;;;Annexe 4.2 (Комплект ЗИП групповой ТЗМ 9Т250-Э)
крестовина;;;Annexe 4.1 (Комплект ЗИП групповой СПУ 9П78-1-Э);croisillon;;;Annexe 4.1 (Комплект ЗИП групповой СПУ 9П78-1-Э)
круглогубцы;;;Annexe 4.6 (Комплект ЗИП групповой пункта подготовки информации 9С920-Э);pince ronde;;;Annexe 4.6 (Комплект ЗИП групповой пункта подготовки информации 9С920-Э)
крыша;;;францТабл для перевода по ЭД-17;toit;;;францТабл для перевода по ЭД-17
КРЫША;;;перечень надписей на блоках и сообщений с расшифровкой;TOIT;;;перечень надписей на блоках и сообщений с расшифровкой
крышка;;;Annexe 4.1 (Комплект ЗИП групповой СПУ 9П78-1-Э);couvercle;;;Annexe 4.1 (Комплект ЗИП групповой СПУ 9П78-1-Э)
крюк;;;францТаблички крана;crochet;;;францТаблички крана
кусачки;;;Annexe 4.6 (Комплект ЗИП групповой пункта подготовки информации 9С920-Э);pince coupante;;;Annexe 4.6 (Комплект ЗИП групповой пункта подготовки информации 9С920-Э)
лампа;;;Annexe 4.1 (Комплект ЗИП групповой СПУ 9П78-1-Э);ampoule;;;Annexe 4.1 (>2>9 !# 978-1--)
лебедка;;;францТабл для перевода 9У91Сб00Э и 9Т250Э-7;treuil;;;францТабл для перевода 9У91Сб00Э и 9Т250Э-7
ЛЕВ;левый;;перечень надписей на блоках и сообщений с расшифровкой;GAU;gauche;;перечень надписей на блоках и сообщений с расшифровкой
ЛЕВ ГРУЗА НЕТ;левого груза нет;;перечень надписей на блоках и сообщений с расшифровкой;PAS DE CHARGE GAU;pas de charge gauche;;перечень надписей на блоках и сообщений с расшифровкой
ЛЕВ ЗАКРЕП;левое закреплено;;перечень надписей на блоках и сообщений с расшифровкой;ARTICLE GAU BLOQUE;article gauche bloqué;;перечень надписей на блоках и сообщений с расшифровкой
ЛЕВ ИЗД;левое изделие;;перечень надписей на блоках и сообщений с расшифровкой;ART GAU;article gauche;;перечень надписей на блоках и сообщений с расшифровкой
ЛЕВ ИЗДЕЛИЕ;левое изделие;;перечень надписей на блоках и сообщений с расшифровкой;ARTICLE GAU;article gauche;;перечень надписей на блоках и сообщений с расшифровкой
ЛЕВ ЛОВИТ;левый ловитель;;перечень надписей на блоках и сообщений с расшифровкой;PIEGE GAU;piège gauche;;перечень надписей на блоках и сообщений с расшифровкой
ЛЕВ НАПР;левая направляющая;;перечень надписей на блоках и сообщений с расшифровкой;RAMPE GAU;rampe gauche;;перечень надписей на блоках и сообщений с расшифровкой
ЛЕВАЯ КРЫША;;;перечень надписей на блоках и сообщений с расшифровкой;TOIT GAUCHE;;;перечень надписей на блоках и сообщений с расшифровкой
ЛЕВАЯ КРЫША НЕ;;;перечень надписей на блоках и сообщений с расшифровкой;TOIT GAUCHE ETAT NON INITIAL;;;перечень надписей на блоках и сообщений с расшифровкой
левый борт;;;францТабл для перевода по ЭД-2;cote gauche;;;францТабл для перевода по ЭД-2
лента;;;Annexe 4.1 (Комплект ЗИП групповой СПУ 9П78-1-Э);bande;;;Annexe 4.1 (>2>9 !# 978-1--)
линейка;;;Annexe 4.1 (Комплект ЗИП групповой СПУ 9П78-1-Э);regle;;;Annexe 4.1 (Комплект ЗИП групповой СПУ 9П78-1-Э)
лопатка;;;Annexe 4.1 (Комплект ЗИП групповой СПУ 9П78-1-Э);pelle;;;Annexe 4.1 (Комплект ЗИП групповой СПУ 9П78-1-Э)
манжета армированная;;;Annexe 4.1 (Комплект ЗИП групповой СПУ 9П78-1-Э);manchette armée;;;Annexe 4.1 (Комплект ЗИП групповой СПУ 9П78-1-Э)
манжета полуоси;;;Annexe 4.6 (Комплект ЗИП групповой пункта подготовки информации 9С920-Э);manchette de demi-arbre;;;Annexe 4.6 (Комплект ЗИП групповой пункта подготовки информации 9С920-Э)
манометр;;;Annexe 4.1 (Комплект ЗИП групповой СПУ 9П78-1-Э);manometre;;;Annexe 4.1 (Комплект ЗИП групповой СПУ 9П78-1-Э)
маска;;;Annexe 4.3 (Комплект ЗИП групповой КШМ 9С552-Э);masque;;;Annexe 4.3 (Комплект ЗИП групповой КШМ 9С552-Э)
масленка;;;Annexe 4.1 (Комплект ЗИП групповой СПУ 9П78-1-Э);graisseur;;;Annexe 4.1 (>2>9 !# 978-1--)
маслосъемный колпачок;;;Annexe 4.3 (Комплект ЗИП групповой КШМ 9С552-Э);capuchon d'huile;;;Annexe 4.3 (Комплект ЗИП групповой КШМ 9С552-Э)
масляный фильтр;;;Annexe 4.3 (Комплект ЗИП групповой КШМ 9С552-Э);filtre a huile;;;Annexe 4.3 (Комплект ЗИП групповой КШМ 9С552-Э)
масляный щуп;;;Annexe 4.3 (Комплект ЗИП групповой КШМ 9С552-Э);jauge d'huile;;;Annexe 4.3 (>2>9 ( 9!552--)
масса;;;францТаблички 9T338;poids;;;францТаблички 9T338
МАССА;;;перечень надписей на блоках и сообщений с расшифровкой;MASSE;;;перечень надписей на блоках и сообщений с расшифровкой
мегаомметр;;;Annexe 4.5 (Комплект ЗИП групповой ракеты 9М723Ф-Э);meghommetre;;;Annexe 4.5 (Комплект ЗИП групповой ракеты 9М723Ф-Э)
меньше;;;францТабл для перевода 9У91Сб00Э и 9Т250Э-12;moins;;;францТабл для перевода 9У91Сб00Э и 9Т250Э-12
металлорукав;;;Annexe 4.4 (Комплект ЗИП групповой МРТО 9У91-Э);tuyau metallique;;;Annexe 4.4 (Комплект ЗИП групповой МРТО 9У91-Э)
минитаймер;;;Annexe 4.3 (Комплект ЗИП групповой КШМ 9С552-Э);minuterie;;;Annexe 4.3 (>2>9 ( 9!552--)
модуль зажигания;;;Annexe 4.6 (Комплект ЗИП групповой пункта подготовки информации 9С920-Э);module d'allumage;;;Annexe 4.6 (Комплект ЗИП групповой пункта подготовки информации 9С920-Э)
молоток;;;Annexe 4.1 (Комплект ЗИП групповой СПУ 9П78-1-Э);marteau;;;Annexe 4.1 (Комплект ЗИП групповой СПУ 9П78-1-Э)
муфта;;;Annexe 4.1 (Комплект ЗИП групповой СПУ 9П78-1-Э);manchon;;;Annexe 4.1 (Комплект ЗИП групповой СПУ 9П78-1-Э)
муфта;;;францТабл для перевода 9У91Сб00Э и 9Т250Э-3;manchon;;;францТабл для перевода 9У91Сб00Э и 9Т250Э-3
НА ГРУНТЕ;;;перечень надписей на блоках и сообщений с расшифровкой;AU SOL;;;перечень надписей на блоках и сообщений с расшифровкой
НА СЕБЯ;;;перечень надписей на блоках и сообщений с расшифровкой;TIRER;;;перечень надписей на блоках и сообщений с расшифровкой
навигационная аппаратура потребителя;НАП;;Annexe 4.1 (Комплект ЗИП групповой СПУ 9П78-1-Э);apareillage de navigation d' usager;;;Annexe 4.1 (Комплект ЗИП групповой СПУ 9П78-1-Э)
наглазник;;;Annexe 4.3 (Комплект ЗИП групповой КШМ 9С552-Э);oeilliere;;;Annexe 4.3 (Комплект ЗИП групповой КШМ 9С552-Э)
нагнетатель воздуха;;;Annexe 4.3 (Комплект ЗИП групповой КШМ 9С552-Э);compresseur d'air;;;Annexe 4.3 (>2>9 ( 9!552--)
нагревательный элемент;;;Annexe 4.1 (Комплект ЗИП групповой СПУ 9П78-1-Э);element de chauf-fage;;;Annexe 4.1 (Комплект ЗИП групповой СПУ 9П78-1-Э)
наименование;;;Annexe 4.1 (Комплект ЗИП групповой СПУ 9П78-1-Э);denomination;;;Annexe 4.1 (Комплект ЗИП групповой СПУ 9П78-1-Э)
НАМОТАН;;;перечень надписей на блоках и сообщений с расшифровкой;ROULE;;;перечень надписей на блоках и сообщений с расшифровкой
НАПР НЕ РАЗРЕШ;направляющая не разрешена;;перечень надписей на блоках и сообщений с расшифровкой;RAMPE INTERDITE;rampe est interdite;;перечень надписей на блоках и сообщений с расшифровкой
НАПРАВЛЯЮЩАЯ;;;перечень надписей на блоках и сообщений с расшифровкой;RAMPE;;;перечень надписей на блоках и сообщений с расшифровкой
НАРАБОТКА;;;перечень надписей на блоках и сообщений с расшифровкой;HEURES DE MARCHE;;;перечень надписей на блоках и сообщений с расшифровкой
насос;;;Annexe 4.1 (Комплект ЗИП групповой СПУ 9П78-1-Э);pompe;;;Annexe 4.1 (Комплект ЗИП групповой СПУ 9П78-1-Э)
НАТУРНАЯ РАБОТА;;;перечень надписей на блоках и сообщений с расшифровкой;FONCTIONNEMENT EN VRAIE GRANDEUR;;;перечень надписей на блоках и сообщений с расшифровкой
НЕ НОРМА;;;перечень надписей на блоках и сообщений с расшифровкой;ANOMALIE;;;перечень надписей на блоках и сообщений с расшифровкой
НЕТ ЗАКРЕП ЛЕВ;нет закрепления левого;;перечень надписей на блоках и сообщений с расшифровкой;ARTICLE GAU DEBLOQUE;article gauche débloqué;;перечень надписей на блоках и сообщений с расшифровкой
НЕТ ЗАКРЕП ПРАВ;нет закрепления правого;;перечень надписей на блоках и сообщений с расшифровкой;ARTICLE DROIT DEBLOQUE;article droit débloqué;;перечень надписей на блоках и сообщений с расшифровкой
НЕТ ИСХОДН;нет исходного;;перечень надписей на блоках и сообщений с расшифровкой;ETAT NON INITIAL;etat non initial;;перечень надписей на блоках и сообщений с расшифровкой
НЕТ ЛЕВ ИЗД;нет левого изделия;;перечень надписей на блоках и сообщений с расшифровкой;PAS D’ART GAU;pas d’article gauche;;перечень надписей на блоках и сообщений с расшифровкой
НЕТ ЛЕВ ЛОВИТ;нет левого ловителя;;перечень надписей на блоках и сообщений с расшифровкой;PAS DE PIEGE GAU;pas de piège gauche;;перечень надписей на блоках и сообщений с расшифровкой
НЕТ ЛЕВ НАПР;нет левой направляющей;;перечень надписей на блоках и сообщений с расшифровкой;PAS DE RAMPE GAU;pas de rampe gauche;;перечень надписей на блоках и сообщений с расшифровкой
НЕТ ПЛОЩАДКИ;;;перечень надписей на блоках и сообщений с расшифровкой;PAS DE PLATE FORME;;;перечень надписей на блоках и сообщений с расшифровкой
НЕТ ПРАВ ИЗД;нет правого изделия;;перечень надписей на блоках и сообщений с расшифровкой;PAS D’ART DROIT;pas d’article droit;;перечень надписей на блоках и сообщений с расшифровкой
НЕТ ПРАВ ЛОВИТ;нет правого ловителя;;перечень надписей на блоках и сообщений с расшифровкой;PAS DE PIEGE DROIT;pas de piège droit;;перечень надписей на блоках и сообщений с расшифровкой
НЕТ ПРАВ НАПР;нет правой направляющей;;перечень надписей на блоках и сообщений с расшифровкой;PAS DE RAMPE DROITE;pas de rampe droite;;перечень надписей на блоках и сообщений с расшифровкой
НЕТ ПРАВАЯ КРЫША;;;перечень надписей на блоках и сообщений с расшифровкой;TOIT DROIT ETAT NON INITIAL;;;перечень надписей на блоках и сообщений с расшифровкой
НЕТ СТЫК 1;нет стыковки;(где 1 код цепи, в которой обнаружено отсутствие электрической стыковки и может принимать значения от 1 до 8);перечень надписей на блоках и сообщений с расшифровкой;PAS DE JONC 1;pas de jonction;(où 1 est un code de circuit dans lequel l’absence de jonction électrique est découverte et peut prendre les valeurs de 1 à 8);перечень надписей на блоках и сообщений с расшифровкой
нефрас;;;Annexe 4.5 (Комплект ЗИП групповой ракеты 9М723Ф-Э);nettoyants;;;Annexe 4.5 (Комплект ЗИП групповой ракеты 9М723Ф-Э)
нож;;;Annexe 4.6 (Комплект ЗИП групповой пункта подготовки информации 9С920-Э);couteau;;;Annexe 4.6 (Комплект ЗИП групповой пункта подготовки информации 9С920-Э)
ножницы;;;Annexe 4.6 (Комплект ЗИП групповой пункта подготовки информации 9С920-Э);ciseaux;;;Annexe 4.6 (Комплект ЗИП групповой пункта подготовки информации 9С920-Э)
НОРМА;;;перечень надписей на блоках и сообщений с расшифровкой;NORME;;;перечень надписей на блоках и сообщений с расшифровкой
ОБОГРЕВ АБ СЭС;обогрев аккумуляторных батарей системы электроснабжения;;перечень надписей на блоках и сообщений с расшифровкой;RECHAUFFAGE BA SAE;réchauffage des batteries d’accumulateurs du système d'alimentation électrique;;перечень надписей на блоках и сообщений с расшифровкой
обозначение;;;Annexe 4.1 (Комплект ЗИП групповой СПУ 9П78-1-Э);disignation;;;Annexe 4.1 (Комплект ЗИП групповой СПУ 9П78-1-Э)
оголовье;;;Annexe 4.3 (Комплект ЗИП групповой КШМ 9С552-Э);tetiere;;;Annexe 4.3 (Комплект ЗИП групповой КШМ 9С552-Э)
ограничитель напряжения;;;Annexe 4.3 (Комплект ЗИП групповой КШМ 9С552-Э);limiteur de tension;;;Annexe 4.3 (Комплект ЗИП групповой КШМ 9С552-Э)
операция;;;францТаблички крана;operation;;;францТаблички крана
оптический квадрант;;;Annexe 4.1 (Комплект ЗИП групповой СПУ 9П78-1-Э);quadrant optique;;;Annexe 4.1 (Комплект ЗИП групповой СПУ 9П78-1-Э)
опускание;;;францТаблички крана;descente;;;францТаблички крана
опускание;;;францТаблички крана;descente;;;францТаблички крана
ОПУСКАНИЕ;;;перечень надписей на блоках и сообщений с расшифровкой;DESCENTE;;;перечень надписей на блоках и сообщений с расшифровкой
ОПУЩЕНА;;;перечень надписей на блоках и сообщений с расшифровкой;DESCENDUE;;;перечень надписей на блоках и сообщений с расшифровкой
ОСВЕЩЕНИЕ ГРУЗА;;;перечень надписей на блоках и сообщений с расшифровкой;ECLAIRAGE CHARGE;;;перечень надписей на блоках и сообщений с расшифровкой
ОСВЕЩЕНИЕ МАСК;освещение маскировка;;перечень надписей на блоках и сообщений с расшифровкой;ECLAIRAGE CAMOUF;eclairage de camouflage;;перечень надписей на блоках и сообщений с расшифровкой
ОСВЕЩЕНИЕ НОРМ;освещение норма;;перечень надписей на блоках и сообщений с расшифровкой;ECLAIRAGE NORME;eclairage, norme;;перечень надписей на блоках и сообщений с расшифровкой
ОСВЕЩЕНИЕ ОТКЛ;освещение отключено;;перечень надписей на блоках и сообщений с расшифровкой;ECLAIRAGE ETEINT;eclairage eteint;;перечень надписей на блоках и сообщений с расшифровкой
ОТ СЕБЯ;;;перечень надписей на блоках и сообщений с расшифровкой;POUSSER;;;перечень надписей на блоках и сообщений с расшифровкой
отвертка;;;Annexe 4.1 (Комплект ЗИП групповой СПУ 9П78-1-Э);tournevis;;;Annexe 4.1 (Комплект ЗИП групповой СПУ 9П78-1-Э)
отводящая трубка;;;Annexe 4.3 (Комплект ЗИП групповой КШМ 9С552-Э);tube de retour;;;Annexe 4.3 (Комплект ЗИП групповой КШМ 9С552-Э)
ОТКАЗ Б000;;(где 000 код отказа и может принимать другие значения);перечень надписей на блоках и сообщений с расшифровкой;PANNE Б000;;(où 000 est un code de panne et peut prendre des valeurs différentes);перечень надписей на блоках и сообщений с расшифровкой
ОТКАЗ ДОМКРАТОВ;;;перечень надписей на блоках и сообщений с расшифровкой;PANNE DES VERINS;;;перечень надписей на блоках и сообщений с расшифровкой
ОТКЛ;отключить;;перечень надписей на блоках и сообщений с расшифровкой;ETEIND;Eteindre;;перечень надписей на блоках и сообщений с расшифровкой
открыт;;;францТаблички крана;ouvert;;;францТаблички крана
ОТОПИТЕЛЬ ДИЗЕЛЬ ЗАПУСК;;;перечень надписей на блоках и сообщений с расшифровкой;DISP DE CHAUFF;;;перечень надписей на блоках и сообщений с расшифровкой
ОТОПИТЕЛЬ ДИЗЕЛЬ НОРМА;;;перечень надписей на блоках и сообщений с расшифровкой;DISP DE CHAUFF;DIESEL NORME;;перечень надписей на блоках и сообщений с расшифровкой
ОТОПИТЕЛЬ ДИЗЕЛЬ ОТКЛ;отопитель дизель отключен;;перечень надписей на блоках и сообщений с расшифровкой;DISP DE CHAUFF DIESEL ARRET;Dispositif de chauffage, diesel mis en arrêt;;перечень надписей на блоках и сообщений с расшифровкой
ОТОПИТЕЛЬ ДИЗЕЛЬ ПЕРЕГРЕВ;;;перечень надписей на блоках и сообщений с расшифровкой;DISP DE CHAUFF;DIESEL SURCHAUFFAGE;;перечень надписей на блоках и сообщений с расшифровкой
ОТОПИТЕЛЬ ДИЗЕЛЬ СВЕЧА;;;перечень надписей на блоках и сообщений с расшифровкой;DISP DE CHAUFF DIESEL BOUGIE;;;перечень надписей на блоках и сообщений с расшифровкой
ОТОПИТЕЛЬ КУЗОВ ЗАПУСК;;;перечень надписей на блоках и сообщений с расшифровкой;DISP DE CHAUFF CARROSSERIE DEMARRAGE;;;перечень надписей на блоках и сообщений с расшифровкой
ОТОПИТЕЛЬ КУЗОВ НОРМА;;;перечень надписей на блоках и сообщений с расшифровкой;DISP DE CHAUFF CARROSSERIE NORME;;;перечень надписей на блоках и сообщений с расшифровкой
ОТОПИТЕЛЬ КУЗОВ ОТКЛ;отопитель кузов отключен;;перечень надписей на блоках и сообщений с расшифровкой;DISP DE CHAUFF CARROSSERIE ARRET;dispositif de chauffage, carrosserie, mis en arrêt;;перечень надписей на блоках и сообщений с расшифровкой
ОТОПИТЕЛЬ КУЗОВ ПЕРЕГРЕВ;;;перечень надписей на блоках и сообщений с расшифровкой;DISP DE CHAUFF CARROSSERIE SURCHAUFFAGE;;;перечень надписей на блоках и сообщений с расшифровкой
ОТОПИТЕЛЬ КУЗОВ РАБОТА;;;перечень надписей на блоках и сообщений с расшифровкой;DISP DE CHAUFF CARROSSERIE FONCTIONNEMENT;;;перечень надписей на блоках и сообщений с расшифровкой
ОТОПИТЕЛЬ КУЗОВ СВЕЧА;;;перечень надписей на блоках и сообщений с расшифровкой;DISP DE CHAUFF CARROSSERIE BOUGIE;;;перечень надписей на блоках и сообщений с расшифровкой
отопление;;;францТабл для перевода 9У91Сб00Э и 9Т250Э-13;chauffage;;;францТабл для перевода 9У91Сб00Э и 9Т250Э-13
паспорт;;технический;Annexe 4.2 (Комплект ЗИП групповой ТЗМ 9Т250-Э);livret;;;Annexe 4.2 (Комплект ЗИП групповой ТЗМ 9Т250-Э)
патрубок;;;Annexe 4.3 (Комплект ЗИП групповой КШМ 9С552-Э);tubulure;;;Annexe 4.3 (Комплект ЗИП групповой КШМ 9С552-Э)
паяльник;;;Annexe 4.6 (Комплект ЗИП групповой пункта подготовки информации 9С920-Э);fer à souder;;;Annexe 4.6 (Комплект ЗИП групповой пункта подготовки информации 9С920-Э)
пенал;;;Annexe 4.2 (Комплект ЗИП групповой ТЗМ 9Т250-Э);boite;;;Annexe 4.2 (Комплект ЗИП групповой ТЗМ 9Т250-Э)
ПЕРЕГРЕВ ГАЗ;;;перечень надписей на блоках и сообщений с расшифровкой;SURCHAUFFAGE GAZ;;;перечень надписей на блоках и сообщений с расшифровкой
ПЕРЕГРЕВ МАСЛО;;;перечень надписей на блоках и сообщений с расшифровкой;SURCHAUFFAGE HUILE;;;перечень надписей на блоках и сообщений с расшифровкой
ПЕРЕДНИЕ;;;перечень надписей на блоках и сообщений с расшифровкой;ANTERIEURS;;;перечень надписей на блоках и сообщений с расшифровкой
переносной светильник;;;Annexe 4.1 (Комплект ЗИП групповой СПУ 9П78-1-Э);lampe portative;;;Annexe 4.1 (>2>9 !# 978-1--)
пинцет;;;Annexe 4.6 (Комплект ЗИП групповой пункта подготовки информации 9С920-Э);pince;;;Annexe 4.6 (Комплект ЗИП групповой пункта подготовки информации 9С920-Э)
ПИТАНИЕ АОО ТМ ;;(ТЗМ Питание аппаратуры обеспечения обогрева транспортной машины (транспортно–заряжающей машины);перечень надписей на блоках и сообщений с расшифровкой;ALIMENTATION AC VT (VTC);alimentation de l’appareillage de chauffage du véhicule de transport;(véhicule de transport et de chargement);перечень надписей на блоках и сообщений с расшифровкой
ПИТАНИЕ АОО–М;питание аппаратуры обеспечения обогрева модернизированной;;перечень надписей на блоках и сообщений с расшифровкой;ALIMENTATION ACM;alimentation de l’appareillage de chauffage modernisé;;перечень надписей на блоках и сообщений с расшифровкой
ПИТАНИЕ АРТО;питание аппаратуры регламента и технического обслуживания;;перечень надписей на блоках и сообщений с расшифровкой;ALIMENTATION ATRM;alimentation de l’appareillage pour les travaux réglementaires et la maintenance;;перечень надписей на блоках и сообщений с расшифровкой
ПИТАНИЕ ВНЕШ НАГРУЗ;питание внешней нагрузки;;перечень надписей на блоках и сообщений с расшифровкой;ALIMENTATION CHARGE EXT;alimentation de la charge extérieure;;перечень надписей на блоках и сообщений с расшифровкой
ПИТАНИЕ СТПН;питание системы топопривязки и навигации;;перечень надписей на блоках и сообщений с расшифровкой;ALIMENTATION SRTN;alimentation du système de repérage topographique et de navigation;;перечень надписей на блоках и сообщений с расшифровкой
ПЛ;передний левый;;перечень надписей на блоках и сообщений с расшифровкой;AG;antérieur gauche;;перечень надписей на блоках и сообщений с расшифровкой
планшет-пульт;;;Annexe 4.1 (Комплект ЗИП групповой СПУ 9П78-1-Э);tablette-pupitre;;;Annexe 4.1 (Комплект ЗИП групповой СПУ 9П78-1-Э)
пластина;;;Annexe 4.1 (Комплект ЗИП групповой СПУ 9П78-1-Э);plaque;;;Annexe 4.1 (>2>9 !# 978-1--)
плафон;;;Annexe 4.1 (Комплект ЗИП групповой СПУ 9П78-1-Э);plafonnier;;;Annexe 4.1 (>2>9 !# 978-1--)
пломба;;;Annexe 4.1 (Комплект ЗИП групповой СПУ 9П78-1-Э);plomb;;;Annexe 4.1 (>2>9 !# 978-1--)
плоскогубцы;;;Annexe 4.1 (Комплект ЗИП групповой СПУ 9П78-1-Э);pince plate;;;Annexe 4.1 (Комплект ЗИП групповой СПУ 9П78-1-Э)
погрузка;;;францТаблички крана;chargement;;;францТаблички крана
подвеска;;;Annexe 4.2 (Комплект ЗИП групповой ТЗМ 9Т250-Э);suspension;;;Annexe 4.2 (Комплект ЗИП групповой ТЗМ 9Т250-Э)
подвеска;;;францТаблички 9T340;suspension;;;францТаблички 9T340
подводящая трубка;;;Annexe 4.3 (Комплект ЗИП групповой КШМ 9С552-Э);tube d'arrivee;;;Annexe 4.3 (Комплект ЗИП групповой КШМ 9С552-Э)
ПОДНЯТА;;;перечень надписей на блоках и сообщений с расшифровкой;MONTEE;;;перечень надписей на блоках и сообщений с расшифровкой
подогреватель;;;Annexe 4.1 (Комплект ЗИП групповой СПУ 9П78-1-Э);rechauffeur;;;Annexe 4.1 (Комплект ЗИП групповой СПУ 9П78-1-Э)
подшипник;;;Annexe 4.1 (Комплект ЗИП групповой СПУ 9П78-1-Э);palier;;;Annexe 4.1 (Комплект ЗИП групповой СПУ 9П78-1-Э)
подшипник;;;Annexe 4.6 (Комплект ЗИП групповой пункта подготовки информации 9С920-Э);roulement;;;Annexe 4.6 (Комплект ЗИП групповой пункта подготовки информации 9С920-Э)
подъем;;;францТаблички крана;montee;;;францТаблички крана
подъем;;;францТаблички крана;montee;;;францТаблички крана
ПОДЪЕМ;;;перечень надписей на блоках и сообщений с расшифровкой;MONTEE;;;перечень надписей на блоках и сообщений с расшифровкой
подъем опор;;;францТабл для перевода по ЭД-15;montee des supports;;;францТабл для перевода по ЭД-15
поход;;;францТаблички крана;de route;;;францТаблички крана
ПОХОД НЕ РАЗРЕШЕН;;;перечень надписей на блоках и сообщений с расшифровкой;DEPLACEMENT INTERDIT;;;перечень надписей на блоках и сообщений с расшифровкой
ПП;передний правый;;перечень надписей на блоках и сообщений с расшифровкой;AD;antérieur droit;;перечень надписей на блоках и сообщений с расшифровкой
ПРАВ;правый;;перечень надписей на блоках и сообщений с расшифровкой;DROIT;droit;;перечень надписей на блоках и сообщений с расшифровкой
ПРАВ ГРУЗА НЕТ;правого груза нет;;перечень надписей на блоках и сообщений с расшифровкой;PAS DE CHARGE DROITE;pas de charge droite;;перечень надписей на блоках и сообщений с расшифровкой
ПРАВ ЗАКРЕП;правое закреплено;;перечень надписей на блоках и сообщений с расшифровкой;ARTICLE DROIT BLOQUE;article droit bloqué;;перечень надписей на блоках и сообщений с расшифровкой
ПРАВ ИЗД;правое изделие;;перечень надписей на блоках и сообщений с расшифровкой;ART DROIT;article droit;;перечень надписей на блоках и сообщений с расшифровкой
ПРАВ ИЗДЕЛИЕ;правое изделие;;перечень надписей на блоках и сообщений с расшифровкой;ARTICLE DROIT;article droit;;перечень надписей на блоках и сообщений с расшифровкой
ПРАВ ЛОВИТ;правый ловитель;;перечень надписей на блоках и сообщений с расшифровкой;PIEGE DROIT;piège droit;;перечень надписей на блоках и сообщений с расшифровкой
ПРАВАЯ КРЫША;;;перечень надписей на блоках и сообщений с расшифровкой;TOIT DROIT;;;перечень надписей на блоках и сообщений с расшифровкой
ПРАВАЯ НАПР;правая направляющая;;перечень надписей на блоках и сообщений с расшифровкой;RAMPE DROITE;rampe droite;;перечень надписей на блоках и сообщений с расшифровкой
правый борт;;;францТабл для перевода по ЭД-1;cote droit;;;францТабл для перевода по ЭД-1
предохранитель;;;Annexe 4.1 (Комплект ЗИП групповой СПУ 9П78-1-Э);coupe-circuit;;;Annexe 4.1 (>2>9 !# 978-1--)
предохранительный конус;;;Annexe 4.1 (Комплект ЗИП групповой СПУ 9П78-1-Э);cone de protection;;;Annexe 4.1 (Комплект ЗИП групповой СПУ 9П78-1-Э)
пресс-масленка;;;Annexe 4.1 (Комплект ЗИП групповой СПУ 9П78-1-Э);mamelon de graissage;;;www.multitran.ru
прибор;;;Annexe 4.1 (Комплект ЗИП групповой СПУ 9П78-1-Э);appareil;;;Annexe 4.1 (Комплект ЗИП групповой СПУ 9П78-1-Э)
прибор ночного видения;;;Annexe 4.3 (Комплект ЗИП групповой КШМ 9С552-Э);appareil de vision nocturne;;;Annexe 4.3 (Комплект ЗИП групповой КШМ 9С552-Э)
прибор обеспечения обогрева;;;Annexe 4.5 (Комплект ЗИП групповой ракеты 9М723Ф-Э);appareil de chauffage;;;Annexe 4.5 (Комплект ЗИП групповой ракеты 9М723Ф-Э)
прибор силовой коммутации;;;Annexe 4.5 (Комплект ЗИП групповой ракеты 9М723Ф-Э);appareil de commutation de force;;;Annexe 4.5 (Комплект ЗИП групповой ракеты 9М723Ф-Э)
прибор технического обслуживания;;;Annexe 4.5 (Комплект ЗИП групповой ракеты 9М723Ф-Э);appareil d'entretien technique;;;Annexe 4.5 (Комплект ЗИП групповой ракеты 9М723Ф-Э)
ПРИВОД ГТД;привод газотурбинного двигателя;;перечень надписей на блоках и сообщений с расшифровкой;COMMANDE TM;commande du turbomoteur;;перечень надписей на блоках и сообщений с расшифровкой
ПРИВОД ХД;привод ходового двигателя;;перечень надписей на блоках и сообщений с расшифровкой;COMMANDE MT;commande du moteur de traction;;перечень надписей на блоках и сообщений с расшифровкой
приспособление для крепления;;лент;Annexe 4.2 (Комплект ЗИП групповой ТЗМ 9Т250-Э);dispositif de fixation;;;Annexe 4.2 (Комплект ЗИП групповой ТЗМ 9Т250-Э)
приспособление для монтажа;;;Annexe 4.2 (Комплект ЗИП групповой ТЗМ 9Т250-Э);dispositif de montage;;;Annexe 4.2 (Комплект ЗИП групповой ТЗМ 9Т250-Э)
приспособление для монтажа и демонтажа пружин центрального и колесного тормозов;;;Annexe 4.2 (Комплект ЗИП групповой ТЗМ 9Т250-Э);dispositif de montage et de demontage des ressorts de frein;;;Annexe 4.2 (Комплект ЗИП групповой ТЗМ 9Т250-Э)
приспособление для отключения;;;Annexe 4.2 (Комплект ЗИП групповой ТЗМ 9Т250-Э);dispositif de debranchement;;;Annexe 4.2 (Комплект ЗИП групповой ТЗМ 9Т250-Э)
приспособление для промывки секции фильтра;;;Annexe 4.2 (Комплект ЗИП групповой ТЗМ 9Т250-Э);dispositif de lavage du filtre;;;Annexe 4.2 (Комплект ЗИП групповой ТЗМ 9Т250-Э)
пробка;;;Annexe 4.1 (Комплект ЗИП групповой СПУ 9П78-1-Э);bouchon;;;Annexe 4.1 (Комплект ЗИП групповой СПУ 9П78-1-Э)
продувка;;;Annexe 4.2 (Комплект ЗИП групповой ТЗМ 9Т250-Э);soufflage;;;Annexe 4.2 (Комплект ЗИП групповой ТЗМ 9Т250-Э)
прокладка;;;Annexe 4.1 (Комплект ЗИП групповой СПУ 9П78-1-Э);joint;;;Annexe 4.1 (Комплект ЗИП групповой СПУ 9П78-1-Э)
проушина;;;францТабл для перевода 9У91Сб00Э и 9Т250Э-6;oeil;;;францТабл для перевода 9У91Сб00Э и 9Т250Э-6
пружина;;;Annexe 4.1 (Комплект ЗИП групповой СПУ 9П78-1-Э);ressort;;;Annexe 4.1 (Комплект ЗИП групповой СПУ 9П78-1-Э)
пружинный энергоаккумулятор;;;Annexe 4.6 (Комплект ЗИП групповой пункта подготовки информации 9С920-Э);accumulateur energetique;;;Annexe 4.6 (Комплект ЗИП групповой пункта подготовки информации 9С920-Э)
псевдобинокулярный прибор ночного видения;;;Annexe 4.3 (Комплект ЗИП групповой КШМ 9С552-Э);appareil de vision nocturne pceudo-binoculaire;;;Annexe 4.3 (Комплект ЗИП групповой КШМ 9С552-Э)
пульт;;;Annexe 4.3 (Комплект ЗИП групповой КШМ 9С552-Э);pupitre;;;Annexe 4.3 (Комплект ЗИП групповой КШМ 9С552-Э)
пульт управления;;;Annexe 4.1 (Комплект ЗИП групповой СПУ 9П78-1-Э);pupitre de commande;;;Annexe 4.1 (Комплект ЗИП групповой СПУ 9П78-1-Э)
пульт управления антеннами;;;Annexe 4.1 (Комплект ЗИП групповой СПУ 9П78-1-Э);pupitre de commande d'antennes;;;Annexe 4.1 (Комплект ЗИП групповой СПУ 9П78-1-Э)
ПУСК;;;перечень надписей на блоках и сообщений с расшифровкой;DEMARRAGE;;;перечень надписей на блоках и сообщений с расшифровкой
РАБОТА ХД;работа ходового двигателя;;перечень надписей на блоках и сообщений с расшифровкой;MT FONCTIONNEMENT;fonctionnement du moteur de traction;;перечень надписей на блоках и сообщений с расшифровкой
радиостанция;;;Annexe 4.1 (Комплект ЗИП групповой СПУ 9П78-1-Э);poste radio;;;Annexe 4.1 (Комплект ЗИП групповой СПУ 9П78-1-Э)
радиостанция;Р;;францТабл для перевода по ЭД-5;poste-radio;P.R.;;францТабл для перевода по ЭД-5
разводная коробка;;;Annexe 4.1 (Комплект ЗИП групповой СПУ 9П78-1-Э);boite de distribution;;;Annexe 4.1 (>2>9 !# 978-1--)
развязка основания;;;францТабл для перевода по ЭД-14;decouplage de l’embase;;;францТабл для перевода по ЭД-14
РАЗМОТАН;;;перечень надписей на блоках и сообщений с расшифровкой;DEROULE;;;перечень надписей на блоках и сообщений с расшифровкой
РАЗРЕШЕН;;;перечень надписей на блоках и сообщений с расшифровкой;DEPLACEMENT PERMIS;;;перечень надписей на блоках и сообщений с расшифровкой
разрядник;;;Annexe 4.3 (Комплект ЗИП групповой КШМ 9С552-Э);dechargeur;;;Annexe 4.3 (Комплект ЗИП групповой КШМ 9С552-Э)
раскрепление;;;францТабл для перевода по ЭД-24;déverrouillage;;;францТабл для перевода по ЭД-24
раскрепление захватов;;;францТабл для перевода по ЭД-8;;;;францТабл для перевода по ЭД-8
раскрепление правого;;;францТабл для перевода по ЭД-20;deblocage de la charge droite;;;францТабл для перевода по ЭД-20
распределитель;;;францТаблички крана;distributeur;;;францТаблички крана
распылитель;;;Annexe 4.4 (Комплект ЗИП групповой МРТО 9У91-Э);pulverisateur;;;Annexe 4.4 (Комплект ЗИП групповой МРТО 9У91-Э)
растворитель;;;Annexe 4.6 (Комплект ЗИП групповой пункта подготовки информации 9С920-Э);dissolvant;;;Annexe 4.6 (Комплект ЗИП групповой пункта подготовки информации 9С920-Э)
регламент;;;францТабл для перевода по ЭД-10;périodicité des opérations;;;францТабл для перевода по ЭД-10
регулятор;;;Annexe 4.2 (Комплект ЗИП групповой ТЗМ 9Т250-Э);regulateur;;;Annexe 4.2 (Комплект ЗИП групповой ТЗМ 9Т250-Э)
регулятор напряжения;;;Annexe 4.1 (Комплект ЗИП групповой СПУ 9П78-1-Э);regulateur de tension;;;Annexe 4.1 (Комплект ЗИП групповой СПУ 9П78-1-Э)
РЕЖИМ РАБОТЫ ГТД ЗИМА;режим работы газотурбинного двигателя зима;;перечень надписей на блоках и сообщений с расшифровкой;REGIME DU TM HIVER;régime du turbomoteur, hiver;;перечень надписей на блоках и сообщений с расшифровкой
РЕЖИМ РАБОТЫ ГТД КОНСЕРВАЦИЯ;режим работы газотурбинного двигателя консервация;;перечень надписей на блоках и сообщений с расшифровкой;REGIME DU TM PRESERVATION;régime du turbomoteur, préservation;;перечень надписей на блоках и сообщений с расшифровкой
РЕЖИМ РАБОТЫ ГТД ЛЕТО;режим работы газотурбинного двигателя лето;;перечень надписей на блоках и сообщений с расшифровкой;REGIME DU TM ETE;régime du turbomoteur, été;;перечень надписей на блоках и сообщений с расшифровкой
РЕЖИМ РАБОТЫ ГТД ОТКЛ;режим работы газотурбинного двигателя отключен;;перечень надписей на блоках и сообщений с расшифровкой;REGIME DU TM ARRET;régime du turbomoteur, en arrêt;;перечень надписей на блоках и сообщений с расшифровкой
РЕЖИМ РАБОТЫ ГТД ПРОКРУТКА;режим работы газотурбинного двигателя прокрутка;;перечень надписей на блоках и сообщений с расшифровкой;REGIME DU TM ROTATION A VIDE;régime du turbomoteur, rotation à vide;;перечень надписей на блоках и сообщений с расшифровкой
резистор;;;Annexe 4.3 (Комплект ЗИП групповой КШМ 9С552-Э);resistance;;;Annexe 4.3 (Комплект ЗИП групповой КШМ 9С552-Э)
ректификованный спирт;;;Annexe 4.5 (Комплект ЗИП групповой ракеты 9М723Ф-Э);alcool rectifie;;;Annexe 4.5 (Комплект ЗИП групповой ракеты 9М723Ф-Э)
реле;;;Annexe 4.3 (Комплект ЗИП групповой КШМ 9С552-Э);relais;;;Annexe 4.3 (Комплект ЗИП групповой КШМ 9С552-Э)
реле контроля;;;Annexe 4.3 (Комплект ЗИП групповой КШМ 9С552-Э);relais de contrôle;;;Annexe 4.3 (>2>9 ( 9!552--)
реле температурное;;;Annexe 4.3 (Комплект ЗИП групповой КШМ 9С552-Э);relais de temperature;;;Annexe 4.3 (Комплект ЗИП групповой КШМ 9С552-Э)
розетка;;;Annexe 4.3 (Комплект ЗИП групповой КШМ 9С552-Э);prise femelle;;;Annexe 4.3 (>2>9 ( 9!552--)
роликовый подшипник;;;Annexe 4.6 (Комплект ЗИП групповой пункта подготовки информации 9С920-Э);roulement à rouleaux;;;Annexe 4.6 (Комплект ЗИП групповой пункта подготовки информации 9С920-Э)
рукав;;;Annexe 4.1 (Комплект ЗИП групповой СПУ 9П78-1-Э);manche;;;Annexe 4.1 (Комплект ЗИП групповой СПУ 9П78-1-Э)
руководство по эксплуатации;;;Annexe 4.3 (Комплект ЗИП групповой КШМ 9С552-Э);manuel d'utilisation;;;Annexe 4.3 (Комплект ЗИП групповой КШМ 9С552-Э)
рукоятка;;;францТаблички 9T339;manette;;;францТаблички 9T339
рукоятка захватов;;;францТабл для перевода по ЭД-7;manette des griffes;;;францТабл для перевода по ЭД-7
рулевой привод;;;Annexe 4.1 (Комплект ЗИП групповой СПУ 9П78-1-Э);commande de gouverne;;;Annexe 4.1 (Комплект ЗИП групповой СПУ 9П78-1-Э)
рулетка;;;Annexe 4.1 (Комплект ЗИП групповой СПУ 9П78-1-Э);decametre;;;Annexe 4.1 (Комплект ЗИП групповой СПУ 9П78-1-Э)
ручной насос;;;францТаблички крана;ручной насос;;;францТаблички крана
рым-болт;;;Annexe 4.1 (Комплект ЗИП групповой СПУ 9П78-1-Э);boulon à oeil;;;Annexe 4.1 (>2>9 !# 978-1--)
РЫЧАГ;;;перечень надписей на блоках и сообщений с расшифровкой;LEVIER;;;перечень надписей на блоках и сообщений с расшифровкой
салфетка;;;Annexe 4.1 (Комплект ЗИП групповой СПУ 9П78-1-Э);serviette;;;Annexe 4.1 (Комплект ЗИП групповой СПУ 9П78-1-Э)
сальник водяного насоса;;;Annexe 4.6 (Комплект ЗИП групповой пункта подготовки информации 9С920-Э);garniture d'etancheite de la pompe à eau;;;Annexe 4.6 (Комплект ЗИП групповой пункта подготовки информации 9С920-Э)
самоориентирующаяся система;;;Annexe 4.1 (Комплект ЗИП групповой СПУ 9П78-1-Э);systeme d'autoorientation;;;Annexe 4.1 (Комплект ЗИП групповой СПУ 9П78-1-Э)
СБРОС;;;перечень надписей на блоках и сообщений с расшифровкой;REMISE;;;перечень надписей на блоках и сообщений с расшифровкой
СБРОС РБП;сброс реле безопасности персонала;;перечень надписей на блоках и сообщений с расшифровкой;RSP REMISE;remise du relais de sécurité du personnel;;перечень надписей на блоках и сообщений с расшифровкой
светильник;;;Annexe 4.1 (Комплект ЗИП групповой СПУ 9П78-1-Э);dispositif d'eclairage;;;Annexe 4.1 (Комплект ЗИП групповой СПУ 9П78-1-Э)
световозвращатель;;;Annexe 4.1 (Комплект ЗИП групповой СПУ 9П78-1-Э);retour de la lumiere;;;Annexe 4.1 (Комплект ЗИП групповой СПУ 9П78-1-Э)
светомаскировка;;;францТабл для перевода 9У91Сб00Э и 9Т250Э-10;camouflage lumineux;;;францТабл для перевода 9У91Сб00Э и 9Т250Э-10
светомаскировка;;;Табл для перевода 9У91Сб00Э и 9Т250Э;couvre-feu;;;
свеча зажигания;;;Annexe 4.1 (Комплект ЗИП групповой СПУ 9П78-1-Э);bougie d'allumage;;;Annexe 4.1 (Комплект ЗИП групповой СПУ 9П78-1-Э)
свеча накала;;;Annexe 4.3 (Комплект ЗИП групповой КШМ 9С552-Э);bougie d'incadescence;;;Annexe 4.3 (Комплект ЗИП групповой КШМ 9С552-Э)
свеча накаливания;;;Annexe 4.3 (Комплект ЗИП групповой КШМ 9С552-Э);bouge d'incadescence;;;Annexe 4.3 (>2>9 ( 9!552--)
связь;;;францТабл для перевода по ЭД-3;communication;;;францТабл для перевода по ЭД-3
сепаратор;;;Annexe 4.3 (Комплект ЗИП групповой КШМ 9С552-Э);separateur;;;Annexe 4.3 (Комплект ЗИП групповой КШМ 9С552-Э)
СЕТЬ;;;перечень надписей на блоках и сообщений с расшифровкой;RESEAU;;;перечень надписей на блоках и сообщений с расшифровкой
СИГНАЛ;;;перечень надписей на блоках и сообщений с расшифровкой;SIGNAL;;;перечень надписей на блоках и сообщений с расшифровкой
СИГНАЛ ВОДИТЕЛЮ;;;перечень надписей на блоках и сообщений с расшифровкой;SIGNAL POUR CONDUCTEUR;;;перечень надписей на блоках и сообщений с расшифровкой
сигнал звуковой безрупорный;;;Annexe 4.2 (Комплект ЗИП групповой ТЗМ 9Т250-Э);signal sonore sans haut-parleur;;;Annexe 4.2 (Комплект ЗИП групповой ТЗМ 9Т250-Э)
сигнализатор давления;;;Annexe 4.1 (Комплект ЗИП групповой СПУ 9П78-1-Э);avertisseur de pression;;;Annexe 4.1 (Комплект ЗИП групповой СПУ 9П78-1-Э)
силикагель;;;Annexe 4.1 (Комплект ЗИП групповой СПУ 9П78-1-Э);silicagel;;;Annexe 4.1 (Комплект ЗИП групповой СПУ 9П78-1-Э)
система кондиционирования воздуха;СКС;;Annexe 4.5 (Комплект ЗИП групповой ракеты 9М723Ф-Э);système de climatisation d'air;;;Annexe 4.5 (Комплект ЗИП групповой ракеты 9М723Ф-Э)
скоба;;;Annexe 4.2 (Комплект ЗИП групповой ТЗМ 9Т250-Э);etrier;;;Annexe 4.2 (Комплект ЗИП групповой ТЗМ 9Т250-Э)
смазка;;;Annexe 4.5 (Комплект ЗИП групповой ракеты 9М723Ф-Э);graisse;;;Annexe 4.5 (Комплект ЗИП групповой ракеты 9М723Ф-Э)
согласующее устройство;;;Annexe 4.1 (Комплект ЗИП групповой СПУ 9П78-1-Э);adaptateur;;;Annexe 4.1 (Комплект ЗИП групповой СПУ 9П78-1-Э)
специальная упаковка;;;Annexe 4.1 (Комплект ЗИП групповой СПУ 9П78-1-Э);caisse specifique;;;Annexe 4.1 (>2>9 !# 978-1--)
спирт технический;;;Annexe 4.5 (Комплект ЗИП групповой ракеты 9М723Ф-Э);alcool technique;;;Annexe 4.5 (Комплект ЗИП групповой ракеты 9М723Ф-Э)
стартер;;;Annexe 4.6 (Комплект ЗИП групповой пункта подготовки информации 9С920-Э);demarreur;;;Annexe 4.6 (Комплект ЗИП групповой пункта подготовки информации 9С920-Э)
стеклолакоткань;;;Annexe 4.1 (Комплект ЗИП групповой СПУ 9П78-1-Э);tissu verre;;;Annexe 4.1 (>2>9 !# 978-1--)
стеклоткань;;;Annexe 4.2 (Комплект ЗИП групповой ТЗМ 9Т250-Э);tissu en verre;;;Annexe 4.2 (Комплект ЗИП групповой ТЗМ 9Т250-Э)
СТОП;;;перечень надписей на блоках и сообщений с расшифровкой;STOP;;;перечень надписей на блоках и сообщений с расшифровкой
стрела;;;францТаблички крана;bras;;;францТаблички крана
СТРЕЛА;;;перечень надписей на блоках и сообщений с расшифровкой;BRAS;;;перечень надписей на блоках и сообщений с расшифровкой
СТЫКОВКА;;;перечень надписей на блоках и сообщений с расшифровкой;JONCTION;;;перечень надписей на блоках и сообщений с расшифровкой
схема подсоединения проводов;;;францТабл для перевода 9У91Сб00Э и 9Т250Э-2;schema de connexion des fils;;;францТабл для перевода 9У91Сб00Э и 9Т250Э-2
счетчик моточасов;;;Annexe 4.1 (Комплект ЗИП групповой СПУ 9П78-1-Э);compteur d'heures de marche;;;Annexe 4.1 (Комплект ЗИП групповой СПУ 9П78-1-Э)
съемник для снятия пальцев тормозных колодок;;;Annexe 4.2 (Комплект ЗИП групповой ТЗМ 9Т250-Э);extracteur des doigts des cales de frein;;;Annexe 4.2 (Комплект ЗИП групповой ТЗМ 9Т250-Э)
съемник ступицы колеса;;;Annexe 4.2 (Комплект ЗИП групповой ТЗМ 9Т250-Э);arrache-moyeu de roue;;;Annexe 4.2 (Комплект ЗИП групповой ТЗМ 9Т250-Э)
съемник торсионных валов;;;Annexe 4.2 (Комплект ЗИП групповой ТЗМ 9Т250-Э);extracteur des barres de torsion;;;Annexe 4.2 (Комплект ЗИП групповой ТЗМ 9Т250-Э)
СЭС G1;система электроснабжения G1;;перечень надписей на блоках и сообщений с расшифровкой;SAE G1;système d'alimentation électrique, g1;;перечень надписей на блоках и сообщений с расшифровкой
СЭС G2;система электроснабжения G2;;перечень надписей на блоках и сообщений с расшифровкой;SAE G2;système d'alimentation électrique, g2;;перечень надписей на блоках и сообщений с расшифровкой
СЭС ВН СЕТЬ;система электроснабжения внешняя сеть;;перечень надписей на блоках и сообщений с расшифровкой;SAE RESEAU EXT;système d'alimentation électrique, réseau extérieur;;перечень надписей на блоках и сообщений с расшифровкой
СЭС ГЕНЕР G2;система электроснабжения генератор G2;;перечень надписей на блоках и сообщений с расшифровкой;SAE GENER G2;système d'alimentation électrique, générateur g2;;перечень надписей на блоках и сообщений с расшифровкой
СЭС ЗАРЯД АБ ШАССИ;система электроснабжения заряд аккумуляторных батарей шасси;;перечень надписей на блоках и сообщений с расшифровкой;SAECHARGE BA CHASSIS;système d'alimentation électrique, charge des batteries d’accumulateurs du châssis;;перечень надписей на блоках и сообщений с расшифровкой
СЭС МАССА;система электроснабжения масса;;перечень надписей на блоках и сообщений с расшифровкой;SAE MASSE;système d'alimentation électrique, masse;;перечень надписей на блоках и сообщений с расшифровкой
СЭС ПОДКЛ ГЕНЕР;система электроснабжения подключение генератора;;перечень надписей на блоках и сообщений с расшифровкой;SAE GENER BRANCH;système d'alimentation électrique, branchement du générateur;;перечень надписей на блоках и сообщений с расшифровкой
СЭС РАЗРЯД АБ;система электроснабжения разряд аккумуляторных батарей;;перечень надписей на блоках и сообщений с расшифровкой;SAE BA DECHARGE;système d'alimentation électrique, décharge des batteries d’accumulateurs;;перечень надписей на блоках и сообщений с расшифровкой
телефон;ТЛФ;;францТабл для перевода по ЭД-4;téléphone;tél;;францТабл для перевода по ЭД-4
терминал абонентский;;;Annexe 4.3 (Комплект ЗИП групповой КШМ 9С552-Э);terminal d'abonne;;;Annexe 4.3 (Комплект ЗИП групповой КШМ 9С552-Э)
термодатчик;;;Annexe 4.1 (Комплект ЗИП групповой СПУ 9П78-1-Э);thermocontact;;;Annexe 4.1 (Комплект ЗИП групповой СПУ 9П78-1-Э)
термометр;;;Annexe 4.1 (Комплект ЗИП групповой СПУ 9П78-1-Э);thermomètre;;;Annexe 4.1 (>2>9 !# 978-1--)
термопара;;;Annexe 4.1 (Комплект ЗИП групповой СПУ 9П78-1-Э);thermocouple;;;Annexe 4.1 (Комплект ЗИП групповой СПУ 9П78-1-Э)
термопредохранитель;;;Annexe 4.3 (Комплект ЗИП групповой КШМ 9С552-Э);thermo-coupe-circuit;;;Annexe 4.3 (>2>9 ( 9!552--)
термостат;;;Annexe 4.3 (Комплект ЗИП групповой КШМ 9С552-Э);thermostat;;;Annexe 4.3 (Комплект ЗИП групповой КШМ 9С552-Э)
ТЕСТ;;;перечень надписей на блоках и сообщений с расшифровкой;TEST;;;перечень надписей на блоках и сообщений с расшифровкой
ТЕСТ НОРМА;;;перечень надписей на блоках и сообщений с расшифровкой;TEST NORME;;;перечень надписей на блоках и сообщений с расшифровкой
технологическая известь полировальная;;;Annexe 4.1 (Комплект ЗИП групповой СПУ 9П78-1-Э);produit de polissage;;;Annexe 4.1 (>2>9 !# 978-1--)
токораспределительное устройство;;;Annexe 4.1 (Комплект ЗИП групповой СПУ 9П78-1-Э);distributeur de courant;;;Annexe 4.1 (Комплект ЗИП групповой СПУ 9П78-1-Э)
тормозная камера;;;Annexe 4.6 (Комплект ЗИП групповой пункта подготовки информации 9С920-Э);chambre de freinage;;;Annexe 4.6 (Комплект ЗИП групповой пункта подготовки информации 9С920-Э)
тормозной цилиндр;;;Annexe 4.2 (Комплект ЗИП групповой ТЗМ 9Т250-Э);cylindre de frein;;;Annexe 4.2 (Комплект ЗИП групповой ТЗМ 9Т250-Э)
торцовое уплотнение;;;Annexe 4.1 (Комплект ЗИП групповой СПУ 9П78-1-Э);garniture;;;Annexe 4.1 (Комплект ЗИП групповой СПУ 9П78-1-Э)
траверса;;;францТаблички 9T335;traverse;;;францТаблички 9T335
транзистор;;;Annexe 4.3 (Комплект ЗИП групповой КШМ 9С552-Э);transistor;;;Annexe 4.3 (Комплект ЗИП групповой КШМ 9С552-Э)
трехфазное напряжение;;;Annexe 4.3 (Комплект ЗИП групповой КШМ 9С552-Э);tension triphasée;;;Annexe 4.3 (>2>9 ( 9!552--)
ТРОС;;;перечень надписей на блоках и сообщений с расшифровкой;CABLE;;;перечень надписей на блоках и сообщений с расшифровкой
трубка;;;Annexe 4.1 (Комплект ЗИП групповой СПУ 9П78-1-Э);tube;;;Annexe 4.1 (>2>9 !# 978-1--)
тумблер;;;Annexe 4.3 (Комплект ЗИП групповой КШМ 9С552-Э);tumbler;;;Annexe 4.3 (Комплект ЗИП групповой КШМ 9С552-Э)
тумблер с протектором;;;Annexe 4.3 (Комплект ЗИП групповой КШМ 9С552-Э);tumbler protege;;;Annexe 4.3 (Комплект ЗИП групповой КШМ 9С552-Э)
турбодетандер;;;Annexe 4.1 (Комплект ЗИП групповой СПУ 9П78-1-Э);turbodetendeur;;;Annexe 4.1 (Комплект ЗИП групповой СПУ 9П78-1-Э)
тяговое реле;;;Annexe 4.6 (Комплект ЗИП групповой пункта подготовки информации 9С920-Э);relais de traction;;;Annexe 4.6 (Комплект ЗИП групповой пункта подготовки информации 9С920-Э)
уплотнитель;;;Annexe 4.4 (Комплект ЗИП групповой МРТО 9У91-Э);joint d'etancheite;;;Annexe 4.4 (Комплект ЗИП групповой МРТО 9У91-Э)
упор;;;францТабл для перевода по ЭД-27;butée;;;францТабл для перевода по ЭД-27
упор защитный;;;Annexe 4.2 (Комплект ЗИП групповой ТЗМ 9Т250-Э);butee de protection;;;Annexe 4.2 (Комплект ЗИП групповой ТЗМ 9Т250-Э)
УРОВЕНЬ ТОПЛИВА;;;перечень надписей на блоках и сообщений с расшифровкой;NIVEAU DE CARBURANT;;;перечень надписей на блоках и сообщений с расшифровкой
усилитель;;;Annexe 4.1 (Комплект ЗИП групповой СПУ 9П78-1-Э);amplificateur;;;Annexe 4.1 (Комплект ЗИП групповой СПУ 9П78-1-Э)
усилитель низкой частоты;УНЧ;;Annexe 4.1 (Комплект ЗИП групповой СПУ 9П78-1-Э);amplificateur basse frequence;;;Annexe 4.1 (Комплект ЗИП групповой СПУ 9П78-1-Э)
устройство заземления;;;Annexe 4.2 (Комплект ЗИП групповой ТЗМ 9Т250-Э);dispositif de mise a la terre;;;Annexe 4.2 (Комплект ЗИП групповой ТЗМ 9Т250-Э)
устройство контрольное;;;Annexe 4.1 (Комплект ЗИП групповой СПУ 9П78-1-Э);dispositif de contrôle;;;Annexe 4.1 (Комплект ЗИП групповой СПУ 9П78-1-Э)
фаза сети;;phase du reseau;перечень надписей на блоках и сообщений с расшифровкой;;;;перечень надписей на блоках и сообщений с расшифровкой
ФИЛТР МАСЛО КОМ;фильтр масло коробки отбора мощности;;перечень надписей на блоках и сообщений с расшифровкой;FILTRE HUILE BPP;filtre, huile de la boîte de prise de puissance;;перечень надписей на блоках и сообщений с расшифровкой
фильтр;;;Annexe 4.1 (Комплект ЗИП групповой СПУ 9П78-1-Э);filtre;;;Annexe 4.1 (Комплект ЗИП групповой СПУ 9П78-1-Э)
ФИЛЬТР МАСЛО ГТД;фильтр масло газотурбинного двигателя;;перечень надписей на блоках и сообщений с расшифровкой;FILTRE HUILE TM;filtre, huile du turbomoteur;;перечень надписей на блоках и сообщений с расшифровкой
ФИЛЬТР МАСЛО КОМ;фильтр масло коробки отбора мощности;;перечень надписей на блоках и сообщений с расшифровкой;FILTRE HUILE BPP;filtre, huile de la boîte de prise de puissance;;перечень надписей на блоках и сообщений с расшифровкой
ФИЛЬТР ТОПЛИВО;;;перечень надписей на блоках и сообщений с расшифровкой;FILTRE CARBURANT;;;перечень надписей на блоках и сообщений с расшифровкой
фильтровентиляционная установка автомобильная;ФВУА;;францТабл для перевода 9У91Сб00Э и 9Т250Э-15;IFVM;;;францТабл для перевода 9У91Сб00Э и 9Т250Э-15
фильтр-патрон;;;Annexe 4.4 (Комплект ЗИП групповой МРТО 9У91-Э);cartouche-filtre;;;Annexe 4.4 (Комплект ЗИП групповой МРТО 9У91-Э)
фильтр-поглотитель;;;Annexe 4.3 (Комплект ЗИП групповой КШМ 9С552-Э);filtre-absorbeur;;;Annexe 4.3 (Комплект ЗИП групповой КШМ 9С552-Э)
фильтрующий элемент;;;Annexe 4.1 (Комплект ЗИП групповой СПУ 9П78-1-Э);element filtrant;;;Annexe 4.1 (Комплект ЗИП групповой СПУ 9П78-1-Э)
фольга;;;Annexe 4.1 (Комплект ЗИП групповой СПУ 9П78-1-Э);feuille de metal;;;Annexe 4.1 (>2>9 !# 978-1--)
ФОРСАЖ БЦН;форсаж бензинового центробежного насоса;;перечень надписей на блоках и сообщений с расшифровкой;PCE AUGMENTATION DE POUSSEE;augmentation de poussée par la pompe centrifuge à essence;;перечень надписей на блоках и сообщений с расшифровкой
форсунка;;;Annexe 4.3 (Комплект ЗИП групповой КШМ 9С552-Э);injecteur;;;Annexe 4.3 (Комплект ЗИП групповой КШМ 9С552-Э)
форсунха впрыска топлива;;;Annexe 4.3 (Комплект ЗИП групповой КШМ 9С552-Э);injecteur d'essence;;;Annexe 4.3 (Комплект ЗИП групповой КШМ 9С552-Э)
хлопчатобумажная ткань;;;Annexe 4.5 (Комплект ЗИП групповой ракеты 9М723Ф-Э);tissu en coton;;;Annexe 4.5 (Комплект ЗИП групповой ракеты 9М723Ф-Э)
хомут;;;Annexe 4.3 (Комплект ЗИП групповой КШМ 9С552-Э);collier;;;Annexe 4.3 (Комплект ЗИП групповой КШМ 9С552-Э)
центр масс;ЦМ;;францТабл для перевода по ЭД-9;centre de masse;CM;;францТабл для перевода по ЭД-9
цилиндрическая трубка;;;Annexe 4.1 (Комплект ЗИП групповой СПУ 9П78-1-Э);tube cylindrique;;;Annexe 4.1 (>2>9 !# 978-1--)
чертеж;;;Annexe 4.2 (Комплект ЗИП групповой ТЗМ 9Т250-Э);dessin;;;Annexe 4.2 (Комплект ЗИП групповой ТЗМ 9Т250-Э)
шайба;;;Annexe 4.1 (Комплект ЗИП групповой СПУ 9П78-1-Э);rondelle;;;Annexe 4.1 (Комплект ЗИП групповой СПУ 9П78-1-Э)
шарико-роликовый подшипник;;;Annexe 4.6 (Комплект ЗИП групповой пункта подготовки информации 9С920-Э);roulement à rouleaux à rotule;;;Annexe 4.6 (Комплект ЗИП групповой пункта подготовки информации 9С920-Э)
шарнир;;;Annexe 4.4 (Комплект ЗИП групповой МРТО 9У91-Э);articulation;;;Annexe 4.4 (Комплект ЗИП групповой МРТО 9У91-Э)
шасси;;;Annexe 4.1 (Комплект ЗИП групповой СПУ 9П78-1-Э);chassis;;;Annexe 4.1 (Комплект ЗИП групповой СПУ 9П78-1-Э)
шасси;;;францТабл для перевода 9У91Сб00Э и 9Т250Э-5;chassis;;;францТабл для перевода 9У91Сб00Э и 9Т250Э-5
ШАССИ;;;перечень надписей на блоках и сообщений с расшифровкой;CHASSIS;;;перечень надписей на блоках и сообщений с расшифровкой
шасси колесное;;;Annexe 4.1 (Комплект ЗИП групповой СПУ 9П78-1-Э);chassis à roues;;;Annexe 4.1 (Комплект ЗИП групповой СПУ 9П78-1-Э)
шкив;;;францТабл для перевода 9У91Сб00Э и 9Т250Э-4;poulie;;;францТабл для перевода 9У91Сб00Э и 9Т250Э-4
шланг;;;Annexe 4.1 (Комплект ЗИП групповой СПУ 9П78-1-Э);tuyau;;;Annexe 4.1 (Комплект ЗИП групповой СПУ 9П78-1-Э)
шланг гибкий;;;Annexe 4.4 (Комплект ЗИП групповой МРТО 9У91-Э);toyau flexible;;;Annexe 4.4 (Комплект ЗИП групповой МРТО 9У91-Э)
шлифовальная шкурка;;;Annexe 4.6 (Комплект ЗИП групповой пункта подготовки информации 9С920-Э);toile abrasive;;;Annexe 4.6 (Комплект ЗИП групповой пункта подготовки информации 9С920-Э)
шнур;;;Annexe 4.1 (Комплект ЗИП групповой СПУ 9П78-1-Э);fil;;;Annexe 4.1 (Комплект ЗИП групповой СПУ 9П78-1-Э)
шпатлевка;;;Annexe 4.6 (Комплект ЗИП групповой пункта подготовки информации 9С920-Э);mastic;;;Annexe 4.6 (Комплект ЗИП групповой пункта подготовки информации 9С920-Э)
шплинт;;;Annexe 4.1 (Комплект ЗИП групповой СПУ 9П78-1-Э);goupille;;;Annexe 4.1 (Комплект ЗИП групповой СПУ 9П78-1-Э)
штангенциркуль;;;Annexe 4.1 (Комплект ЗИП групповой СПУ 9П78-1-Э);calibre à coulisse;;;Annexe 4.1 (Комплект ЗИП групповой СПУ 9П78-1-Э)
штифт;;;Annexe 4.1 (Комплект ЗИП групповой СПУ 9П78-1-Э);goujon;;;Annexe 4.1 (Комплект ЗИП групповой СПУ 9П78-1-Э)
штоковая стрела;;;францТабл для перевода 9У91Сб00Э и 9Т250Э-8;bras cavite;;;францТабл для перевода 9У91Сб00Э и 9Т250Э-8
штырь;;;Annexe 4.2 (Комплект ЗИП групповой ТЗМ 9Т250-Э);pivot;;;Annexe 4.2 (Комплект ЗИП групповой ТЗМ 9Т250-Э)
щетка;;;Annexe 4.1 (Комплект ЗИП групповой СПУ 9П78-1-Э);balai;;;Annexe 4.1 (>2>9 !# 978-1--)
щеточный узел;;;Annexe 4.3 (Комплект ЗИП групповой КШМ 9С552-Э);ensemble balais;;;Annexe 4.3 (Комплект ЗИП групповой КШМ 9С552-Э)
щит;;;Annexe 4.3 (Комплект ЗИП групповой КШМ 9С552-Э);plateau;;;Annexe 4.3 (Комплект ЗИП групповой КШМ 9С552-Э)
щуп;;;Annexe 4.1 (Комплект ЗИП групповой СПУ 9П78-1-Э);cales d'ajustage;;;Annexe 4.1 (Комплект ЗИП групповой СПУ 9П78-1-Э)
ЭД ВКЛ;электродвигатель включен;;перечень надписей на блоках и сообщений с расшифровкой;ME MARCHE;moteur électrique est mis en marche;;перечень надписей на блоках и сообщений с расшифровкой
ЭД ЗАЩИТА ОТКЛ;электродвигатель защита отключена;;перечень надписей на блоках и сообщений с расшифровкой;ME PROTECTION ARRET;moteur électrique, protection est mise en arrêt;;перечень надписей на блоках и сообщений с расшифровкой
ЭД МУФТА ВКЛ;электродвигатель муфта включена;;перечень надписей на блоках и сообщений с расшифровкой;ME MANCHON MARCHE;moteur électrique, manchon est mis en marche;;перечень надписей на блоках и сообщений с расшифровкой
ЭД МУФТА ОТКЛ;электродвигатель муфта отключена;;перечень надписей на блоках и сообщений с расшифровкой;ME MANCHON ARRET;moteur électrique, manchon est mis en arrêt;;перечень надписей на блоках и сообщений с расшифровкой
ЭД ПУСК;электродвигатель пуск;;перечень надписей на блоках и сообщений с расшифровкой;ME DEMARRAGE;moteur électrique, démarrage;;перечень надписей на блоках и сообщений с расшифровкой
ЭД СТОП;электродвигатель стоп;;перечень надписей на блоках и сообщений с расшифровкой;ME STOP;moteur électrique, stop;;перечень надписей на блоках и сообщений с расшифровкой
электровентилятор;;;Annexe 4.3 (Комплект ЗИП групповой КШМ 9С552-Э);ventilateur elec-trique;;;Annexe 4.3 (Комплект ЗИП групповой КШМ 9С552-Э)
электровентилятор;;;францТабл для перевода 9У91Сб00Э и 9Т250Э-16;ventilateur électrique;;;францТабл для перевода 9У91Сб00Э и 9Т250Э-16
электрогагревательный элемент;;;Annexe 4.6 (Комплект ЗИП групповой пункта подготовки информации 9С920-Э);element de chauffage electrique;;;Annexe 4.6 (Комплект ЗИП групповой пункта подготовки информации 9С920-Э)
электродвигатель;;;Annexe 4.3 (Комплект ЗИП групповой КШМ 9С552-Э);moteur electrique;;;Annexe 4.3 (Комплект ЗИП групповой КШМ 9С552-Э)
электромагнит;ЭМ ;;францТабл для перевода по ЭД-22;aimant électrique;AE;;францТабл для перевода по ЭД-22
электромагнитный клапан;;;Annexe 4.1 (Комплект ЗИП групповой СПУ 9П78-1-Э);soupape electromagnetique;;;Annexe 4.1 (Комплект ЗИП групповой СПУ 9П78-1-Э)
ЭЛЕКТРОМАГНИТЫ;;;перечень надписей на блоках и сообщений с расшифровкой;AIMANTS ELECTRIQUES;;;перечень надписей на блоках и сообщений с расшифровкой
электрооборудование;;;Annexe 4.2 (Комплект ЗИП групповой ТЗМ 9Т250-Э);equipement electrique;;;Annexe 4.2 (Комплект ЗИП групповой ТЗМ 9Т250-Э)
электропечь;;;Annexe 4.3 (Комплект ЗИП групповой КШМ 9С552-Э);dispositif de chauffage;;;Annexe 4.3 (Комплект ЗИП групповой КШМ 9С552-Э)
электростартер;;;Annexe 4.3 (Комплект ЗИП групповой КШМ 9С552-Э);demarreur electrique;;;Annexe 4.3 (Комплект ЗИП групповой КШМ 9С552-Э)
эмаль;;;Annexe 4.6 (Комплект ЗИП групповой пункта подготовки информации 9С920-Э);émail;;;Annexe 4.6 (Комплект ЗИП групповой пункта подготовки информации 9С920-Э)
этикетка;;;Annexe 4.3 (Комплект ЗИП групповой КШМ 9С552-Э);etiquette;;;Annexe 4.3 (Комплект ЗИП групповой КШМ 9С552-Э)
этиловый спирт;;;Annexe 4.5 (Комплект ЗИП групповой ракеты 9М723Ф-Э);ethylique alcool;;;Annexe 4.5 (Комплект ЗИП групповой ракеты 9М723Ф-Э)
